POINT_1_STREET;POINT_2_STREET;POINT_1_NAME;POINT_2_NAME;DURATION_IN_SEC;POINT_1_CITY;POINT_2_CITY;POINT_1_LAT;POINT_1_LNG;POINT_2_LAT;NDT_IN_KMH;POINT_2_POSTAL_CODE;POINT_2_COUNTRY;POINT_1_STREET_NUMBER;ORGANISATION;POINT_1_POSTAL_CODE;POINT_2_STREET_NUMBER;;extID;ROAD_TYPE;REPORT_ID;POINT_1_COUNTRY;DISTANCE_IN_METERS;REPORT_NAME;RBA_ID;_id
Søftenvej;Søftenvej;4364;4349;77;Aarhus;Aarhus;56.21497892;10.1396957;56.20852027;70;8200;Denmark;0;COWI;8200;0;;179;MAJOR_ROAD;158895;Denmark;1505;AAR_BT_0020 4364 4349;161062;1586
Grenåvej;Grenåvej;4582;4581;65;Risskov;Risskov;56.18654627;10.21830381;56.19369242;44;8240;Denmark;126;COWI;8240;126;;194;MAJOR_ROAD;178600;Denmark;797;AAR_BT_0101 4582 4581;178660;1601
Skanderborgvej;Viby Ringvej;3987;2651;84;Aarhus;Aarhus;56.13105396;10.16616305;56.13203209;35;8260;Denmark;168;COWI;8260;168;;324;MAJOR_ROAD;187509;Denmark;823;AAR_BT_0231 3987 2651;189702;1731
Grenåvej;Grenåvej;4572;4581;55;Risskov;Risskov;56.19774431;10.22859362;56.19371107;53;8240;Denmark;0;COWI;8240;0;;383;MAJOR_ROAD;190744;Denmark;813;AAR_BT_0291 4572 4581;192392;1790
Holmstrupgårdvej;Holmstrupgårdvej;4337;4336;91;Aarhus;Aarhus;56.16945461;10.11966876;56.17840254;40;8210;Denmark;28;COWI;8220;150;;436;MAJOR_ROAD;195041;Denmark;1015;AAR_BT_0356 4337 4336;229156;1843
Edwin Rahrs Vej;Åby Ringvej;4331;2655;93;Aarhus;Aarhus;56.16257435;10.13915436;56.16786719;42;8210;Denmark;6B;COWI;8220;6B;;455;MAJOR_ROAD;195552;Denmark;1090;AAR_BT_0375 4331 2655;229194;1862
Edwin Rahrs Vej;Anelystvej;4328;4345;127;Aarhus;Tilst;56.15962241;10.07722347;56.16718933;45;8381;Denmark;0;COWI;8220;35;;470;MAJOR_ROAD;197274;Denmark;1572;AAR_BT_0390 4328 4345;229224;1877
Skanderborgvej;Christian X's Vej;4373;4566;72;Aarhus;Aarhus;56.13844852;10.1791506;56.13241046;41;8260;Denmark;106;COWI;8260;35;;594;MAJOR_ROAD;209827;Denmark;829;AAR_BT_0514 4373 4566;229653;2001
Randersvej;Vejlby Centervej;4361;4564;210;Aarhus;Risskov;56.18950967;10.19094022;56.19677547;39;8240;Denmark;0;COWI;8200;7;;604;MAJOR_ROAD;210093;Denmark;2279;AAR_BT_0526 4361 4564;229673;2011
Viby Ringvej;Haveforening Af 1918;2652;3988;137;Aarhus;Aarhus;56.14049609;10.15413296;56.13953207;53;8000;Denmark;104;COWI;8230;4;;317;MAJOR_ROAD;187324;Denmark;2013;AAR_BT_0224 2652 3988;189688;1724
Vestre Ringgade;Viborgvej;3193;3156;64;Aarhus;Aarhus;56.16396941;10.1858444;56.15941871;41;8000;Denmark;53;COWI;8210;14;;341;MAJOR_ROAD;187960;Denmark;737;AAR_BT_0248 3193 3156;189736;1748
Viborgvej;Viborgvej;4335;4347;74;Tilst;Tilst;56.18263729;10.11353144;56.18546282;54;8381;Denmark;389;COWI;8381;389;;426;MAJOR_ROAD;193348;Denmark;1110;AAR_BT_0346 4335 4347;229136;1833
Viborgvej;Viborgvej;4335;4342;73;Tilst;Aarhus;56.18263729;10.11353144;56.1794155;54;8210;Denmark;389;COWI;8381;295;;427;MAJOR_ROAD;193376;Denmark;1093;AAR_BT_0347 4335 4342;229138;1834
Christian X's Vej;Skanderborgvej;4566;4373;71;Aarhus;Aarhus;56.13241046;10.17467748;56.13832298;39;8260;Denmark;35;COWI;8260;107;;593;MAJOR_ROAD;209801;Denmark;773;AAR_BT_0513 4566 4373;229651;2000
Lystrupvej;Djurslandmotorvejen;4346;4327;94;Lystrup;Lystrup;56.2172839;10.23361943;56.22521121;52;8520;Denmark;201;COWI;8520;201;;595;MAJOR_ROAD;209854;Denmark;1358;AAR_BT_0515 4346 4327;229655;2002
Djurslandmotorvejen;Lystrupvej;4327;4346;118;Lystrup;Lystrup;56.22537225;10.24615447;56.2172839;49;8520;Denmark;0;COWI;8520;201;;596;MAJOR_ROAD;209880;Denmark;1595;AAR_BT_0516 4327 4346;229657;2003
Vejlby Centervej;Randersvej;4564;4361;226;Risskov;Aarhus;56.19687844;10.21625178;56.18958131;36;8200;Denmark;7;COWI;8240;210;;603;MAJOR_ROAD;210067;Denmark;2270;AAR_BT_0525 4564 4361;229671;2010
Søftenvej;Søftenvej;4349;4364;79;Aarhus;Aarhus;56.20869704;10.16118658;56.21508593;71;8200;Denmark;0;COWI;8200;0;;180;MAJOR_ROAD;158924;Denmark;1555;AAR_BT_0021 4349 4364;161115;1587
Åby Ringvej;Viby Ringvej;2654;2653;101;Aarhus;Aarhus;56.16019089;10.14325795;56.14815842;52;8230;Denmark;0;COWI;8230;0;;225;MAJOR_ROAD;180601;Denmark;1462;AAR_BT_0132 2654 2653;182198;1632
Nordre Ringgade;Vestre Ringgade;3191;3192;43;Aarhus;Aarhus;56.17122708;10.20138037;56.16945047;40;8200;Denmark;3;COWI;8000;61;;235;MAJOR_ROAD;180872;Denmark;481;AAR_BT_0142 3191 3192;182218;1642
Nørreport;Kystvejen;4374;3187;58;Aarhus;Aarhus;56.16101782;10.21197608;56.16159727;23;8000;Denmark;93;COWI;8000;59;;357;MAJOR_ROAD;190047;Denmark;366;AAR_BT_0264 4374 3187;192340;1764
Grenåvej;Grenåvej;4357;4341;244;Ega;Skødstrup;56.22997155;10.29395506;56.25625596;46;8541;Denmark;534;COWI;8250;0;;370;MAJOR_ROAD;190393;Denmark;3115;AAR_BT_0278 4357 4341;192366;1777
Randersvej;Randersvej;4361;4362;80;Aarhus;Aarhus;56.18958131;10.19111993;56.19922308;54;8200;Denmark;210;COWI;8200;210;;398;MAJOR_ROAD;192600;Denmark;1204;AAR_BT_0314 4361 4362;229080;1805
Vestre Strandalle;Vejlby Ringvej;4351;2661;89;Risskov;Risskov;56.19038745;10.22311078;56.18707126;31;8240;Denmark;70A;COWI;8240;70A;;401;MAJOR_ROAD;192681;Denmark;763;AAR_BT_0317 4351 2661;229086;1808
Grenåvej;Vejlby Centervej;4572;4564;76;Risskov;Risskov;56.19774431;10.22859362;56.19687844;40;8240;Denmark;0;COWI;8240;7;;414;MAJOR_ROAD;193026;Denmark;854;AAR_BT_0334 4572 4564;229112;1821
Edwin Rahrs Vej;Edwin Rahrs Vej;4330;4331;89;Aarhus;Aarhus;56.16254305;10.12591258;56.16257435;33;8220;Denmark;42;COWI;8220;6B;;441;MAJOR_ROAD;195178;Denmark;828;AAR_BT_0361 4330 4331;229166;1848
Hasle Ringvej;Hasle Ringvej;2657;2658;65;Aarhus;Aarhus;56.17491718;10.17161187;56.17862327;50;8200;Denmark;0;COWI;8210;0;;218;MAJOR_ROAD;179336;Denmark;911;AAR_BT_0125 2657 2658;180167;1625
Viby Ringvej;Haveforening Af 1918;2651;3988;119;Aarhus;Aarhus;56.13203209;10.15765884;56.13953207;56;8000;Denmark;0;COWI;8260;4;;319;MAJOR_ROAD;187377;Denmark;1837;AAR_BT_0226 2651 3988;189692;1726
Grenåvej;Grenåvej;4353;4357;140;Ega;Ega;56.21155278;10.27770203;56.22997155;59;8250;Denmark;481;COWI;8250;534;;372;MAJOR_ROAD;190447;Denmark;2282;AAR_BT_0280 4353 4357;192370;1779
Søndre Ringgade;Marselis Boulevard;3979;3990;72;Aarhus;Aarhus;56.14175228;10.19272365;56.13959744;37;8000;Denmark;15;COWI;8000;135;;577;MAJOR_ROAD;206184;Denmark;740;AAR_BT_0497 3979 3990;229619;1984
Holmstrupgårdvej;Edwin Rahrs Vej;4337;4330;100;Aarhus;Aarhus;56.16945461;10.11966876;56.16254305;37;8220;Denmark;28;COWI;8220;42;;585;MAJOR_ROAD;206396;Denmark;1016;AAR_BT_0505 4337 4330;229635;1992
Edwin Rahrs Vej;Holmstrupgårdvej;4330;4337;88;Aarhus;Aarhus;56.16254305;10.12591258;56.16945461;41;8220;Denmark;42;COWI;8220;28;;586;MAJOR_ROAD;206422;Denmark;1006;AAR_BT_0506 4330 4337;229637;1993
Jyllands Alle;Søndre Ringgade;4554;3979;119;Aarhus;Aarhus;56.13458496;10.18998071;56.14175228;33;8000;Denmark;0;COWI;8000;15;;591;MAJOR_ROAD;209748;Denmark;1076;AAR_BT_0511 4554 3979;229647;1998
Vejlby Centervej;Randersvej;4564;3155;219;Risskov;Århus N;56.19687844;10.21625178;56.18461478;35;8200;Denmark;7;COWI;8240;141;;605;MAJOR_ROAD;210120;Denmark;2153;AAR_BT_0527 4564 3155;229675;2012
Nordre Ringgade;Grenåvej;3182;3181;99;Aarhus;Risskov;56.17405423;10.21348447;56.18290049;40;8240;Denmark;98;COWI;8200;105;;326;MAJOR_ROAD;187562;Denmark;1099;AAR_BT_0233 3182 3181;189706;1733
Marselis Boulevard;Skanderborgvej;3990;3150;79;Aarhus;Aarhus;56.13959744;10.18663264;56.14251885;34;8000;Denmark;135;COWI;8000;7;;361;MAJOR_ROAD;190153;Denmark;750;AAR_BT_0268 3990 3150;192348;1768
Grenåvej;Grenåvej;4565;4567;40;Risskov;Risskov;56.2026462;10.25068287;56.2005601;53;8240;Denmark;337;COWI;8240;337;;379;MAJOR_ROAD;190637;Denmark;592;AAR_BT_0287 4565 4567;192384;1786
Grenåvej;Ålykkevej;4567;4565;37;Risskov;Risskov;56.20043625;10.24198908;56.20251117;58;8240;Denmark;41;COWI;8240;41;;380;MAJOR_ROAD;190663;Denmark;591;AAR_BT_0288 4567 4565;192386;1787
Paludan-Müllers Vej;Hasle Ringvej;4363;2658;98;Aarhus;Aarhus;56.17932241;10.17533821;56.17862327;29;8200;Denmark;231;COWI;8200;231;;447;MAJOR_ROAD;195339;Denmark;800;AAR_BT_0367 4363 2658;229178;1854
Åby Ringvej;Edwin Rahrs Vej;2655;4331;86;Aarhus;Aarhus;56.16798815;10.15138768;56.16270728;45;8220;Denmark;0;COWI;8210;6B;;456;MAJOR_ROAD;195578;Denmark;1074;AAR_BT_0376 2655 4331;229196;1863
Viborgvej;Anelystvej;4335;4329;141;Tilst;Tilst;56.18263729;10.11353144;56.18277314;22;8381;Denmark;389;COWI;8381;389;;462;MAJOR_ROAD;195737;Denmark;863;AAR_BT_0382 4335 4329;229208;1869
Søndre Ringgade;Marselis Boulevard;3979;3989;62;Aarhus;Aarhus;56.14175228;10.19272365;56.14063267;29;8000;Denmark;15;COWI;8000;15;;575;MAJOR_ROAD;206131;Denmark;505;AAR_BT_0495 3979 3989;229615;1982
Viby Ringvej;Åby Ringvej;2653;2654;108;Aarhus;Aarhus;56.14824209;10.14987431;56.16018043;48;8230;Denmark;0;COWI;8230;0;;226;MAJOR_ROAD;180627;Denmark;1450;AAR_BT_0133 2653 2654;182200;1633
Hasle Ringvej;Viborgvej;2656;3158;73;Aarhus;Aarhus;56.17312782;10.16175769;56.16914803;39;8210;Denmark;27;COWI;8210;165-167;;299;MAJOR_ROAD;185343;Denmark;781;AAR_BT_0206 2656 3158;186251;1706
Christian X's Vej;Christian X's Vej;4550;4563;117;Højbjerg;Højbjerg;56.11025082;10.15371482;56.12004118;43;8270;Denmark;205;COWI;8270;169;;499;MAJOR_ROAD;198059;Denmark;1383;AAR_BT_0419 4550 4563;229463;1906
Marselis Boulevard;Strandvejen;3989;4375;127;Aarhus;Aarhus;56.14063267;10.19891856;56.13673886;27;8000;Denmark;15;COWI;8000;21;;562;MAJOR_ROAD;204113;Denmark;944;AAR_BT_0482 3989 4375;229589;1969
Ringvej Syd;Oddervej;4371;4372;88;Højbjerg;Højbjerg;56.10480213;10.19880408;56.10506953;37;8270;Denmark;172;COWI;8270;172;;563;MAJOR_ROAD;204140;Denmark;909;AAR_BT_0483 4371 4372;229591;1970
Oddervej;Ringvej Syd;4372;4371;72;Højbjerg;Højbjerg;56.10506953;10.20692744;56.10480213;44;8270;Denmark;172;COWI;8270;172;;564;MAJOR_ROAD;204166;Denmark;886;AAR_BT_0484 4372 4371;229593;1971
Ringvej Syd;Oddervej;4371;4378;84;Højbjerg;Højbjerg;56.10480213;10.19880408;56.09926842;42;8270;Denmark;0;COWI;8270;206;;565;MAJOR_ROAD;204193;Denmark;979;AAR_BT_0485 4371 4378;229595;1972
Søndre Ringgade;Søndre Ringgade;3197;3979;68;Aarhus;Aarhus;56.14563851;10.1867623;56.14175228;30;8000;Denmark;63;COWI;8000;15;;571;MAJOR_ROAD;206025;Denmark;569;AAR_BT_0491 3197 3979;229607;1978
Viby Ringvej;Viby Ringvej;2653;2652;58;Aarhus;Aarhus;56.14815842;10.1496946;56.14049609;57;8230;Denmark;0;COWI;8230;104;;227;MAJOR_ROAD;180655;Denmark;913;AAR_BT_0134 2653 2652;182202;1634
Silkeborgvej;Åby Ringvej;3200;2654;90;Aarhus;Aarhus;56.15313589;10.13906037;56.16018043;42;8230;Denmark;521;COWI;8220;521;;306;MAJOR_ROAD;187032;Denmark;1055;AAR_BT_0213 3200 2654;189666;1713
Søren Frichs Vej;Viby Ringvej;3984;2652;91;Aarhus;Aarhus;56.14774074;10.15806073;56.14049609;43;8230;Denmark;80;COWI;8230;104;;316;MAJOR_ROAD;187297;Denmark;1093;AAR_BT_0223 3984 2652;189686;1723
Nørrebrogade;Nordre Ringgade;3152;3183;76;Aarhus;Aarhus;56.16816672;10.20706009;56.17235121;33;8200;Denmark;44;COWI;8000;64B;;330;MAJOR_ROAD;187668;Denmark;691;AAR_BT_0237 3152 3183;189714;1737
Viborgvej;Viborgvej;4339;4342;34;Aarhus;Aarhus;56.17741297;10.1384034;56.1794155;59;8210;Denmark;280;COWI;8210;295;;430;MAJOR_ROAD;194878;Denmark;557;AAR_BT_0350 4339 4342;229144;1837
Genvejen;Genvejen;4560;4549;52;Stavtrup;Hasselager;56.12137955;10.0661298;56.11996007;77;8361;Denmark;46;COWI;8260;46;;477;MAJOR_ROAD;197463;Denmark;1110;AAR_BT_0397 4560 4549;229238;1884
Marselis Boulevard;Strandvejen;4367;3190;48;Aarhus;Aarhus;56.14171142;10.20441591;56.14471913;36;8000;Denmark;0;COWI;8000;36;;588;MAJOR_ROAD;206475;Denmark;476;AAR_BT_0508 4367 3190;229641;1995
Grenåvej;Grenåvej;4582;3181;34;Risskov;Risskov;56.18655112;10.21812478;56.18290049;43;8240;Denmark;125;COWI;8240;105;;195;MAJOR_ROAD;178713;Denmark;406;AAR_BT_0102 4582 3181;180121;1602
Kystvejen;Spanien;3187;3189;199;Aarhus;Aarhus;56.16159727;10.2153897;56.14892751;27;8000;Denmark;59;COWI;8000;63;;203;MAJOR_ROAD;178929;Denmark;1489;AAR_BT_0110 3187 3189;180137;1610
Silkeborgvej;Silkeborgvej;3200;3199;100;Aarhus;Aarhus;56.15313589;10.13906037;56.15461014;41;8230;Denmark;521;COWI;8220;303;;267;MAJOR_ROAD;183037;Denmark;1152;AAR_BT_0174 3200 3199;183603;1674
Skanderborgvej;Skanderborgvej;3150;4373;55;Aarhus;Aarhus;56.14258759;10.18675688;56.13844852;43;8260;Denmark;26;COWI;8000;106;;276;MAJOR_ROAD;184729;Denmark;660;AAR_BT_0183 3150 4373;186205;1683
Vejlby Ringvej;Grenåvej;2661;4581;85;Risskov;Risskov;56.1869623;10.21245937;56.19369242;41;8240;Denmark;0;COWI;8240;0;;282;MAJOR_ROAD;184892;Denmark;966;AAR_BT_0189 2661 4581;186217;1689
Nordre Ringgade;Randersvej;3191;3977;89;Aarhus;Aarhus;56.17112255;10.20144743;56.17606862;30;8200;Denmark;0;COWI;8000;54;;331;MAJOR_ROAD;187695;Denmark;752;AAR_BT_0238 3191 3977;189716;1738
Nørrebrogade;Nordre Ringgade;3152;3191;90;Aarhus;Aarhus;56.16816672;10.20706009;56.17122708;26;8000;Denmark;44;COWI;8000;3;;334;MAJOR_ROAD;187774;Denmark;643;AAR_BT_0241 3152 3191;189722;1741
Viborgvej;Vestre Ringgade;3156;3193;67;Aarhus;Aarhus;56.15941871;10.18776376;56.16389697;38;8210;Denmark;14;COWI;8000;53;;342;MAJOR_ROAD;187986;Denmark;707;AAR_BT_0249 3156 3193;189738;1749
Randersvej;Søftenvej;4362;4350;37;Aarhus;Aarhus;56.19922308;10.18244475;56.20417258;69;8200;Denmark;0;COWI;8200;0;;184;MAJOR_ROAD;159043;Denmark;713;AAR_BT_0025 4362 4350;161251;1591
Randersvej;Randersvej;3155;3154;46;Århus N;Aarhus;56.18461478;10.19580434;56.18028339;40;8200;Denmark;141;COWI;8200;164;;247;MAJOR_ROAD;181197;Denmark;516;AAR_BT_0154 3155 3154;182242;1654
Randersvej;Vejlby Ringvej;3154;2660;64;Aarhus;Aarhus;56.1803125;10.19893293;56.18324423;27;8200;Denmark;164;COWI;8200;20;;288;MAJOR_ROAD;185051;Denmark;473;AAR_BT_0195 3154 2660;186229;1695
Viborgvej;Hasle Ringvej;3158;2656;63;Aarhus;Aarhus;56.16914803;10.16106271;56.17304495;42;8210;Denmark;165-167;COWI;8210;36;;300;MAJOR_ROAD;185369;Denmark;742;AAR_BT_0207 3158 2656;186253;1707
Åby Ringvej;Silkeborgvej;2654;3199;131;Aarhus;Aarhus;56.16019089;10.14325795;56.15461014;44;8230;Denmark;0;COWI;8230;303;;307;MAJOR_ROAD;187059;Denmark;1619;AAR_BT_0214 2654 3199;189668;1714
Skejby Nordlandsvej;Humlehusvej;4365;4360;99;Aarhus;Aarhus;56.20499385;10.17926542;56.20114198;31;8200;Denmark;311;COWI;8200;16;;392;MAJOR_ROAD;192438;Denmark;843;AAR_BT_0300 4365 4360;229068;1799
Skejby Nordlandsvej;Sindalsvej;4365;4358;188;Aarhus;Risskov;56.20499385;10.17926542;56.21023739;44;8240;Denmark;311;COWI;8200;40;;393;MAJOR_ROAD;192466;Denmark;2274;AAR_BT_0301 4365 4358;229070;1800
Rosenvangs Alle;Jyllands Alle;4556;4548;165;Aarhus;Højbjerg;56.13417989;10.17948788;56.12994;31;8270;Denmark;30;COWI;8260;105;;553;MAJOR_ROAD;203875;Denmark;1431;AAR_BT_0473 4556 4548;229571;1960
Nørrebrogade;Randersvej;3152;3977;92;Aarhus;Aarhus;56.16816672;10.20706009;56.17606862;37;8200;Denmark;44;COWI;8000;54;;252;MAJOR_ROAD;181331;Denmark;938;AAR_BT_0159 3152 3977;182252;1659
Vejlby Ringvej;Randersvej;2660;3155;51;Aarhus;Aarhus;56.18333604;10.20070079;56.18465956;32;8200;Denmark;20;COWI;8200;20;;285;MAJOR_ROAD;184972;Denmark;458;AAR_BT_0192 2660 3155;186223;1692
Randersvej;Hasle Ringvej;3155;2659;62;Århus N;Aarhus;56.18461478;10.19580434;56.18146;31;8200;Denmark;141;COWI;8200;141;;290;MAJOR_ROAD;185104;Denmark;541;AAR_BT_0197 3155 2659;186233;1697
Grenåvej;Grenåvej;4353;4569;58;Ega;Ega;56.2116393;10.27743649;56.20709857;51;8250;Denmark;481;COWI;8250;481;;373;MAJOR_ROAD;190475;Denmark;829;AAR_BT_0281 4353 4569;192372;1780
Grenåvej;Grenåvej;4578;4569;38;Ega;Ega;56.20482702;10.25958436;56.20698519;51;8250;Denmark;402;COWI;8250;440;;376;MAJOR_ROAD;190555;Denmark;535;AAR_BT_0284 4578 4569;192378;1783
Ålykkevej;Grenåvej;4565;4578;36;Risskov;Ega;56.20251117;10.25078614;56.20482702;60;8250;Denmark;41;COWI;8240;402;;378;MAJOR_ROAD;190609;Denmark;602;AAR_BT_0286 4565 4578;192382;1785
Lystrupvej;Lystrupvej;4346;4340;136;Lystrup;Risskov;56.2172839;10.23361943;56.205074;36;8240;Denmark;201;COWI;8520;42;;389;MAJOR_ROAD;190908;Denmark;1377;AAR_BT_0297 4346 4340;192404;1796
Lystrupvej;Lystrupvej;4340;4346;130;Risskov;Lystrup;56.205074;10.23621753;56.2172839;38;8520;Denmark;42;COWI;8240;201;;390;MAJOR_ROAD;190934;Denmark;1383;AAR_BT_0298 4340 4346;192406;1797
Grenåvej;Lystrupvej;4567;4340;78;Risskov;Risskov;56.2005601;10.24187643;56.205074;43;8240;Denmark;0;COWI;8240;42;;410;MAJOR_ROAD;192919;Denmark;925;AAR_BT_0330 4567 4340;229104;1817
Vestre Ringgade;Vestre Ringgade;3192;3193;67;Aarhus;Aarhus;56.16945047;10.19433871;56.16396941;44;8210;Denmark;61;COWI;8200;53;;237;MAJOR_ROAD;180926;Denmark;813;AAR_BT_0144 3192 3193;182222;1644
Kystvejen;Nørreport;3187;4374;62;Aarhus;Aarhus;56.16159727;10.2153897;56.16107681;19;8000;Denmark;59;COWI;8000;18;;358;MAJOR_ROAD;190073;Denmark;333;AAR_BT_0265 3187 4374;192342;1765
Nørreport;Spanien;4374;3189;202;Aarhus;Aarhus;56.16101782;10.21197608;56.14892751;27;8000;Denmark;93;COWI;8000;63;;359;MAJOR_ROAD;190100;Denmark;1490;AAR_BT_0266 4374 3189;192344;1766
Skanderborgvej;Marselis Boulevard;3150;3990;115;Aarhus;Aarhus;56.14258759;10.18675688;56.13947789;26;8000;Denmark;26;COWI;8000;135;;362;MAJOR_ROAD;190179;Denmark;822;AAR_BT_0269 3150 3990;192350;1769
Skanderborgvej;Marselis Boulevard;3150;3988;61;Aarhus;Aarhus;56.14258759;10.18675688;56.13962771;43;8000;Denmark;26;COWI;8000;174;;366;MAJOR_ROAD;190285;Denmark;734;AAR_BT_0273 3150 3988;192358;1773
Haveforening Af 1918;Skanderborgvej;3988;4373;50;Aarhus;Aarhus;56.13953207;10.17720341;56.13844852;30;8260;Denmark;4;COWI;8000;106;;367;MAJOR_ROAD;190312;Denmark;422;AAR_BT_0274 3988 4373;192360;1774
Jyllands Alle;Vestavej;4548;4568;86;Højbjerg;Højbjerg;56.12994;10.18732968;56.12391431;33;8270;Denmark;105;COWI;8270;2;;558;MAJOR_ROAD;204007;Denmark;798;AAR_BT_0478 4548 4568;229581;1965
Hasle Ringvej;Hasle Ringvej;2657;2656;43;Aarhus;Aarhus;56.17505006;10.17152604;56.17312782;54;8210;Denmark;0;COWI;8210;27;;219;MAJOR_ROAD;179364;Denmark;641;AAR_BT_0126 2657 2656;180169;1626
Nørrebrogade;;3152;4374;79;Aarhus;Aarhus;56.1681376;10.20690854;56.16101782;39;8000;Denmark;45;COWI;8000;0;;253;MAJOR_ROAD;182657;Denmark;852;AAR_BT_0160 3152 4374;183575;1660
Skanderborgvej;Skanderborgvej;3986;4559;88;Aarhus;Aarhus;56.12582958;10.15770902;56.11919616;48;8260;Denmark;222;COWI;8260;222;;486;MAJOR_ROAD;197705;Denmark;1181;AAR_BT_0406 3986 4559;229437;1893
Jyllands Alle;Jyllands Alle;4554;4548;48;Aarhus;Højbjerg;56.13458496;10.18985733;56.12994;42;8270;Denmark;105;COWI;8000;105;;508;MAJOR_ROAD;198301;Denmark;554;AAR_BT_0428 4554 4548;229481;1915
Vestavej;Rosenvangs Alle;4568;4368;131;Højbjerg;Højbjerg;56.12391431;10.18591478;56.1169222;37;8270;Denmark;2;COWI;8270;233;;511;MAJOR_ROAD;201211;Denmark;1333;AAR_BT_0431 4568 4368;229487;1918
Ringvej Syd;Christian X's Vej;4334;4563;163;Aarhus;Højbjerg;56.118145;10.14813107;56.12004118;43;8270;Denmark;0;COWI;8260;169;;541;MAJOR_ROAD;203557;Denmark;1943;AAR_BT_0461 4334 4563;229547;1948
Christian X's Vej;Ringvej Syd;4563;4334;163;Højbjerg;Aarhus;56.12004118;10.16744167;56.11819883;42;8260;Denmark;169;COWI;8270;100;;542;MAJOR_ROAD;203583;Denmark;1907;AAR_BT_0462 4563 4334;229549;1949
Skanderborgvej;Rosenvangs Alle;3987;4556;112;Aarhus;Aarhus;56.13096577;10.16631862;56.13417989;42;8260;Denmark;169;COWI;8260;30;;548;MAJOR_ROAD;203742;Denmark;1309;AAR_BT_0468 3987 4556;229561;1955
Paludan-Müllers Vej;Hasle Ringvej;3983;2657;80;Aarhus;Aarhus;56.17389164;10.18218396;56.17505006;40;8210;Denmark;48;COWI;8200;48;;296;MAJOR_ROAD;185263;Denmark;880;AAR_BT_0203 3983 2657;186245;1703
Nordre Ringgade;Randersvej;3183;3977;93;Aarhus;Aarhus;56.17243586;10.20921913;56.17606862;31;8200;Denmark;64B;COWI;8200;54;;327;MAJOR_ROAD;187589;Denmark;802;AAR_BT_0234 3183 3977;189708;1734
Randersvej;Nordre Ringgade;3977;3183;97;Aarhus Municipality;Aarhus;56.17603875;10.20161666;56.17235121;31;8200;Denmark;51;COWI;8200;64B;;328;MAJOR_ROAD;187615;Denmark;839;AAR_BT_0235 3977 3183;189710;1735
Ravnsbjergvej;Ringvej Syd;4552;4334;91;Aarhus;Aarhus;56.12430428;10.14166338;56.118145;32;8260;Denmark;0;COWI;8260;0;;487;MAJOR_ROAD;197734;Denmark;813;AAR_BT_0407 4552 4334;229439;1894
Christian X's Vej;Christian X's Vej;4563;4550;124;Højbjerg;Højbjerg;56.12004118;10.16744167;56.11028821;40;8270;Denmark;169;COWI;8270;169;;500;MAJOR_ROAD;198085;Denmark;1383;AAR_BT_0420 4563 4550;229465;1907
Jyllands Alle;Christian X's Vej;4553;4563;100;Aarhus;Højbjerg;56.12437833;10.18005602;56.12004118;35;8270;Denmark;158;COWI;8260;169;;504;MAJOR_ROAD;198193;Denmark;965;AAR_BT_0424 4553 4563;229473;1911
Skanderborgvej;Ravnsbjergvej;4559;4552;84;Aarhus;Aarhus;56.11906159;10.14303639;56.12430428;35;8260;Denmark;0;COWI;8260;0;;532;MAJOR_ROAD;201775;Denmark;806;AAR_BT_0452 4559 4552;229529;1939
;Søndre Ringgade;3979;3197;75;Aarhus;Aarhus;56.14183597;10.19290604;56.14572219;27;8000;Denmark;0;COWI;8000;52;;572;MAJOR_ROAD;206051;Denmark;569;AAR_BT_0492 3979 3197;229609;1979
Spanien;Strandvejen;3189;3190;42;Aarhus;Aarhus;56.14892751;10.20959978;56.14472623;40;8000;Denmark;63;COWI;8000;36;;205;MAJOR_ROAD;178983;Denmark;472;AAR_BT_0112 3189 3190;180141;1612
Grenåvej;Vejlby Ringvej;4582;2661;65;Risskov;Risskov;56.18654627;10.21830381;56.18707126;40;8240;Denmark;126;COWI;8240;126;;283;MAJOR_ROAD;184919;Denmark;728;AAR_BT_0190 4582 2661;186219;1690
Hasle Ringvej;Paludan-Müllers Vej;2658;3983;75;Aarhus;Aarhus;56.1787106;10.18448532;56.17389164;37;8200;Denmark;0;COWI;8200;48;;293;MAJOR_ROAD;185184;Denmark;779;AAR_BT_0200 2658 3983;186239;1700
Viborgvej;Hasle Ringvej;3159;2656;54;Aarhus;Aarhus;56.17262996;10.15343615;56.17304495;44;8210;Denmark;209;COWI;8210;36;;298;MAJOR_ROAD;185316;Denmark;665;AAR_BT_0205 3159 2656;186249;1705
Åby Ringvej;Viborgvej;2655;3159;75;Aarhus;Aarhus;56.16786719;10.15157946;56.17267849;35;8210;Denmark;0;COWI;8210;209;;301;MAJOR_ROAD;185396;Denmark;739;AAR_BT_0208 2655 3159;186255;1708
Silkeborgvej;Åby Ringvej;3199;2654;124;Aarhus;Aarhus;56.15461014;10.15744022;56.16018043;46;8230;Denmark;303;COWI;8230;303;;308;MAJOR_ROAD;187085;Denmark;1578;AAR_BT_0215 3199 2654;189670;1715
Oddervej;Oddervej;4372;4379;86;Højbjerg;Højbjerg;56.10506953;10.20692744;56.114487;45;8270;Denmark;172;COWI;8270;70-74;;522;MAJOR_ROAD;201507;Denmark;1074;AAR_BT_0442 4372 4379;229509;1929
Søndre Ringgade;Jyllands Alle;3197;4554;147;Aarhus;Aarhus;56.14563851;10.1867623;56.13458496;33;8000;Denmark;63;COWI;8000;63;;589;MAJOR_ROAD;206502;Denmark;1335;AAR_BT_0509 3197 4554;229643;1996
Søftenvej;Søftenvej;4350;4349;46;Aarhus;Aarhus;56.20417258;10.17540695;56.20869704;81;8200;Denmark;0;COWI;8200;0;;181;MAJOR_ROAD;158954;Denmark;1030;AAR_BT_0022 4350 4349;161140;1588
Grenåvej;Grenåvej;3181;4582;31;Risskov;Risskov;56.18290049;10.21797824;56.18654627;47;8240;Denmark;105;COWI;8240;126;;196;MAJOR_ROAD;178739;Denmark;406;AAR_BT_0103 3181 4582;180123;1603
Jyllands Alle;Jyllands Alle;4553;4548;84;Aarhus;Højbjerg;56.12437833;10.18005602;56.12994;35;8270;Denmark;158;COWI;8260;105;;505;MAJOR_ROAD;198221;Denmark;825;AAR_BT_0425 4553 4548;229475;1912
Genvejen;Møllebakken;4549;4561;159;Hasselager;Hasselager;56.11996007;10.08367829;56.10806431;66;8361;Denmark;0;COWI;8361;60;;527;MAJOR_ROAD;201643;Denmark;2915;AAR_BT_0447 4549 4561;229519;1934
Genvejen;Møllebakken;4549;4562;165;Hasselager;Hasselager;56.11996007;10.08367829;56.11059012;64;8361;Denmark;0;COWI;8361;15;;529;MAJOR_ROAD;201696;Denmark;2949;AAR_BT_0449 4549 4562;229523;1936
Møllebakken;Genvejen;4562;4549;155;Hasselager;Hasselager;56.11067163;10.12228671;56.11996007;68;8361;Denmark;15;COWI;8361;15;;530;MAJOR_ROAD;201722;Denmark;2911;AAR_BT_0450 4562 4549;229525;1937
Ravnsbjergvej;Skanderborgvej;4552;4559;82;Aarhus;Aarhus;56.12430428;10.14166338;56.11919616;34;8260;Denmark;0;COWI;8260;0;;531;MAJOR_ROAD;201749;Denmark;777;AAR_BT_0451 4552 4559;229527;1938
Rosenvangs Alle;Skanderborgvej;4556;3987;165;Aarhus;Aarhus;56.13417989;10.17948788;56.13105396;29;8260;Denmark;30;COWI;8260;168;;547;MAJOR_ROAD;203716;Denmark;1326;AAR_BT_0467 4556 3987;229559;1954
Marselis Boulevard;Marselis Boulevard;3989;3979;49;Aarhus;Aarhus;56.14079407;10.19885285;56.14183597;36;8000;Denmark;50;COWI;8000;50;;576;MAJOR_ROAD;206157;Denmark;488;AAR_BT_0496 3989 3979;229617;1983
Vestre Ringgade;Vestre Ringgade;3193;3192;69;Aarhus;Aarhus;56.16389697;10.18616225;56.16929517;42;8000;Denmark;53;COWI;8210;210;;238;MAJOR_ROAD;180952;Denmark;801;AAR_BT_0145 3193 3192;182224;1645
Søren Frichs Vej;Søren Frichs Vej;3984;3985;108;Aarhus;Århus C;56.14774074;10.15806073;56.1519497;41;8000;Denmark;80;COWI;8230;39;;277;MAJOR_ROAD;184758;Denmark;1222;AAR_BT_0184 3984 3985;186207;1684
Nordre Ringgade;Nørrebrogade;3183;3152;86;Aarhus;Aarhus;56.17243586;10.20921913;56.1681376;31;8000;Denmark;64B;COWI;8200;45;;329;MAJOR_ROAD;187642;Denmark;730;AAR_BT_0236 3183 3152;189712;1736
Randersvej;Nordre Ringgade;3977;3191;72;Aarhus Municipality;Aarhus;56.17603875;10.20161666;56.17122708;35;8000;Denmark;51;COWI;8200;3;;332;MAJOR_ROAD;187721;Denmark;700;AAR_BT_0239 3977 3191;189718;1739
Grenåvej;Grenåvej;4572;4567;57;Risskov;Risskov;56.1976518;10.22863922;56.20043625;56;8240;Denmark;0;COWI;8240;0;;382;MAJOR_ROAD;190717;Denmark;883;AAR_BT_0290 4572 4567;192390;1789
Paludan-Müllers Vej;Hasle Ringvej;4363;2657;95;Aarhus;Aarhus;56.17932241;10.17533821;56.17505006;33;8210;Denmark;231;COWI;8200;231;;449;MAJOR_ROAD;195392;Denmark;870;AAR_BT_0369 4363 2657;229182;1856
Hasle Ringvej;Jernaldervej;2656;4338;84;Aarhus;Aarhus;56.17312782;10.16175769;56.1708868;41;8210;Denmark;27;COWI;8210;7A;;452;MAJOR_ROAD;195472;Denmark;955;AAR_BT_0372 2656 4338;229188;1859
Hestagervej;Silkeborgvej;4344;4343;91;Aarhus;Aarhus;56.15457259;10.07239191;56.15286328;44;8220;Denmark;0;COWI;8220;699;;475;MAJOR_ROAD;197408;Denmark;1117;AAR_BT_0395 4344 4343;229234;1882
Strandvejen;Spanien;3190;3189;49;Aarhus;Aarhus;56.14471913;10.20872971;56.14892751;35;8000;Denmark;36;COWI;8000;63;;206;MAJOR_ROAD;179009;Denmark;473;AAR_BT_0113 3190 3189;180143;1613
Hasle Ringvej;Viborgvej;2656;3159;50;Aarhus;Aarhus;56.17312782;10.16175769;56.17267849;46;8210;Denmark;27;COWI;8210;209;;297;MAJOR_ROAD;185290;Denmark;640;AAR_BT_0204 2656 3159;186247;1704
Grenåvej;Vejlby Centervej;4581;4564;66;Risskov;Risskov;56.19369242;10.21908612;56.19687844;30;8240;Denmark;0;COWI;8240;7;;416;MAJOR_ROAD;193079;Denmark;543;AAR_BT_0336 4581 4564;229116;1823
Jernaldervej;Åby Ringvej;4338;2655;60;Aarhus;Aarhus;56.1708868;10.14954792;56.16798815;31;8210;Denmark;7A;COWI;8210;7A;;453;MAJOR_ROAD;195499;Denmark;515;AAR_BT_0373 4338 2655;229190;1860
Edwin Rahrs Vej;Hestagervej;4328;4344;121;Aarhus;Aarhus;56.15966871;10.07716983;56.15457259;30;8220;Denmark;0;COWI;8220;0;;472;MAJOR_ROAD;197328;Denmark;1024;AAR_BT_0392 4328 4344;229228;1879
Hovedvejen;Møllebakken;4551;4561;224;Hasselager;Hasselager;56.10071339;10.06279058;56.10806431;54;8361;Denmark;0;COWI;8361;60;;479;MAJOR_ROAD;197518;Denmark;3331;AAR_BT_0399 4551 4561;229242;1886
Møllebakken;Hovedvejen;4561;4551;221;Hasselager;Hasselager;56.10806431;10.1147005;56.1007822;54;8361;Denmark;60;COWI;8361;240;;480;MAJOR_ROAD;197544;Denmark;3334;AAR_BT_0400 4561 4551;229425;1887
Mejlbyvej;Djurslandmotorvejen;4352;4327;185;Ega;Lystrup;56.22020076;10.26776222;56.22537225;60;8520;Denmark;58;COWI;8250;58;;597;MAJOR_ROAD;209907;Denmark;3082;AAR_BT_0517 4352 4327;229659;2004
Vestre Ringgade;Nordre Ringgade;3192;3191;43;Aarhus;Aarhus;56.16929517;10.19452647;56.17112255;40;8000;Denmark;210;COWI;8000;210;;236;MAJOR_ROAD;180898;Denmark;476;AAR_BT_0143 3192 3191;182220;1643
Nørreport;Nørrebrogade;4374;3152;75;Aarhus;Aarhus;56.16107681;10.21218127;56.16816672;41;8000;Denmark;18;COWI;8000;44;;254;MAJOR_ROAD;182683;Denmark;850;AAR_BT_0161 4374 3152;183577;1661
Viborgvej;Viborgvej;3157;3158;119;Aarhus;Aarhus;56.16244695;10.17839595;56.16914803;40;8210;Denmark;47;COWI;8210;165-167;;258;MAJOR_ROAD;182792;Denmark;1330;AAR_BT_0165 3157 3158;183585;1665
Spanien;Nørreport;3189;4374;238;Aarhus;Aarhus;56.14892751;10.20959978;56.16107681;23;8000;Denmark;63;COWI;8000;18;;360;MAJOR_ROAD;190126;Denmark;1508;AAR_BT_0267 3189 4374;192346;1767
Marselis Boulevard;Skanderborgvej;3990;4373;46;Aarhus;Aarhus;56.13959744;10.18663264;56.13844852;40;8260;Denmark;135;COWI;8000;106;;363;MAJOR_ROAD;190206;Denmark;509;AAR_BT_0270 3990 4373;192352;1770
Grenåvej;Grenåvej;4341;4357;245;Skødstrup;Ega;56.25625596;10.30366764;56.23001329;46;8250;Denmark;0;COWI;8541;503;;369;MAJOR_ROAD;190367;Denmark;3104;AAR_BT_0277 4341 4357;192364;1776
Edwin Rahrs Vej;Edwin Rahrs Vej;4328;4325;174;Aarhus;Aarhus;56.15962241;10.07722347;56.16459887;45;8220;Denmark;0;COWI;8220;73-75;;437;MAJOR_ROAD;195070;Denmark;2196;AAR_BT_0357 4328 4325;229158;1844
Edwin Rahrs Vej;Edwin Rahrs Vej;4325;4330;89;Aarhus;Aarhus;56.16459887;10.10998427;56.16254305;41;8220;Denmark;73-75;COWI;8220;42;;439;MAJOR_ROAD;195124;Denmark;1014;AAR_BT_0359 4325 4330;229162;1846
Randersvej;Randersvej;3977;3154;49;Aarhus;Aarhus;56.17606862;10.20177089;56.1803125;37;8200;Denmark;54;COWI;8200;164;;250;MAJOR_ROAD;181277;Denmark;504;AAR_BT_0157 3977 3154;182248;1657
Viborgvej;Viborgvej;4339;3159;65;Aarhus;Aarhus;56.17734056;10.13834708;56.17262996;60;8210;Denmark;277;COWI;8210;209;;431;MAJOR_ROAD;194905;Denmark;1083;AAR_BT_0351 4339 3159;229146;1838
Edwin Rahrs Vej;Edwin Rahrs Vej;4325;4328;164;Aarhus;Aarhus;56.16459887;10.10998427;56.15966871;48;8220;Denmark;73-75;COWI;8220;73-75;;438;MAJOR_ROAD;195096;Denmark;2203;AAR_BT_0358 4325 4328;229160;1845
Silkeborgvej;Silkeborgvej;4343;3976;92;Aarhus;Aarhus;56.15286328;10.08789523;56.1532811;57;8220;Denmark;699;COWI;8220;699;;445;MAJOR_ROAD;195286;Denmark;1453;AAR_BT_0365 4343 3976;229174;1852
Hasle Ringvej;Paludan-Müllers Vej;2657;4363;91;Aarhus;Aarhus;56.17491718;10.17161187;56.17932241;36;8200;Denmark;0;COWI;8210;231;;450;MAJOR_ROAD;195418;Denmark;908;AAR_BT_0370 2657 4363;229184;1857
Anelystvej;Edwin Rahrs Vej;4345;4325;133;Tilst;Aarhus;56.16716656;10.09351661;56.16459887;34;8220;Denmark;35;COWI;8381;73-75;;467;MAJOR_ROAD;195870;Denmark;1261;AAR_BT_0387 4345 4325;229218;1874
Anelystvej;Edwin Rahrs Vej;4345;4328;111;Tilst;Aarhus;56.16716656;10.09351661;56.15966871;49;8220;Denmark;35;COWI;8381;35;;469;MAJOR_ROAD;195923;Denmark;1511;AAR_BT_0389 4345 4328;229222;1876
Silkeborgvej;Hestagervej;4332;4344;92;Aarhus;Aarhus;56.15244752;10.06473464;56.1546921;39;8220;Denmark;791;COWI;8220;7;;474;MAJOR_ROAD;197381;Denmark;993;AAR_BT_0394 4332 4344;229232;1881
Hasle Ringvej;Hasle Ringvej;2656;2657;41;Aarhus;Aarhus;56.17304495;10.1618234;56.17491718;56;8210;Denmark;36;COWI;8210;36;;220;MAJOR_ROAD;179390;Denmark;641;AAR_BT_0127 2656 2657;180171;1627
Viborgvej;Viborgvej;3157;3156;64;Aarhus;Aarhus;56.16236929;10.1783356;56.15941871;38;8000;Denmark;47;COWI;8210;14;;259;MAJOR_ROAD;182820;Denmark;670;AAR_BT_0166 3157 3156;183587;1666
Lystrupvej;Grenåvej;4340;4572;99;Risskov;Risskov;56.205074;10.23621753;56.19774431;44;8240;Denmark;42;COWI;8240;42;;411;MAJOR_ROAD;192946;Denmark;1207;AAR_BT_0331 4340 4572;229106;1818
Vejlby Centervej;Grenåvej;4564;4572;88;Risskov;Risskov;56.19677547;10.21621154;56.1976518;36;8240;Denmark;7;COWI;8240;7;;413;MAJOR_ROAD;193000;Denmark;872;AAR_BT_0333 4564 4572;229110;1820
Vestre Strandalle;Grenåvej;4351;4581;84;Risskov;Risskov;56.19038745;10.22311078;56.19369242;35;8240;Denmark;70A;COWI;8240;70A;;417;MAJOR_ROAD;193106;Denmark;810;AAR_BT_0337 4351 4581;229118;1824
Grenåvej;Vestre Strandalle;4581;4351;112;Risskov;Risskov;56.19371107;10.21887825;56.19038745;28;8240;Denmark;0;COWI;8240;70A;;418;MAJOR_ROAD;193132;Denmark;881;AAR_BT_0338 4581 4351;229120;1825
Paludan-Müllers Vej;Paludan-Müllers Vej;4363;3983;96;Aarhus;Aarhus;56.17932241;10.17533821;56.17389164;28;8200;Denmark;231;COWI;8200;48;;421;MAJOR_ROAD;193213;Denmark;742;AAR_BT_0341 4363 3983;229126;1828
Viborgvej;Viborgvej;4347;4335;68;Tilst;Tilst;56.18546282;10.09634485;56.18263729;59;8381;Denmark;0;COWI;8381;389;;425;MAJOR_ROAD;193322;Denmark;1111;AAR_BT_0345 4347 4335;229134;1832
Viborgvej;Viborgvej;3159;4339;67;Aarhus;Aarhus;56.17267849;10.15350857;56.17741297;58;8210;Denmark;209;COWI;8210;280;;432;MAJOR_ROAD;194931;Denmark;1085;AAR_BT_0352 3159 4339;229148;1839
Viby Ringvej;Silkeborgvej;2653;3200;91;Aarhus;Aarhus;56.14824209;10.14987431;56.15326735;40;8220;Denmark;0;COWI;8230;521;;309;MAJOR_ROAD;187112;Denmark;1023;AAR_BT_0216 2653 3200;189672;1716
Silkeborgvej;Viby Ringvej;3200;2653;69;Aarhus;Aarhus;56.15313589;10.13906037;56.14815842;52;8230;Denmark;521;COWI;8220;0;;310;MAJOR_ROAD;187138;Denmark;995;AAR_BT_0217 3200 2653;189674;1717
Viby Ringvej;Søren Frichs Vej;2653;3984;67;Aarhus;Aarhus;56.14815842;10.1496946;56.14774074;35;8230;Denmark;0;COWI;8230;80;;313;MAJOR_ROAD;187218;Denmark;653;AAR_BT_0220 2653 3984;189680;1720
Viby Ringvej;Søren Frichs Vej;2652;3984;84;Aarhus;Aarhus;56.14051552;10.15433815;56.14774074;46;8230;Denmark;104;COWI;8230;80;;315;MAJOR_ROAD;187271;Denmark;1080;AAR_BT_0222 2652 3984;189684;1722
Grenåvej;Nordre Ringgade;3181;3182;105;Risskov;Aarhus;56.18290049;10.21780255;56.17405423;38;8200;Denmark;105;COWI;8240;98;;325;MAJOR_ROAD;187536;Denmark;1096;AAR_BT_0232 3181 3182;189704;1732
Søndre Ringgade;Søren Frichs Vej;3196;3985;96;Aarhus;Århus C;56.1498479;10.18367947;56.1519497;32;8000;Denmark;0;COWI;8000;39;;353;MAJOR_ROAD;189941;Denmark;857;AAR_BT_0260 3196 3985;192332;1760
Søren Frichs Vej;Søndre Ringgade;3985;3196;96;Århus C;Aarhus;56.1519497;10.17614185;56.14980757;31;8000;Denmark;39;COWI;8000;0;;354;MAJOR_ROAD;189967;Denmark;838;AAR_BT_0261 3985 3196;192334;1761
Vejlby Ringvej;Vestre Strandalle;2661;4351;85;Risskov;Risskov;56.1869623;10.21245937;56.19038745;32;8240;Denmark;0;COWI;8240;70A;;402;MAJOR_ROAD;192707;Denmark;763;AAR_BT_0318 2661 4351;229088;1809
Åby Ringvej;Åby Ringvej;2654;2655;67;Aarhus;Aarhus;56.16018043;10.1435208;56.16786719;54;8210;Denmark;0;COWI;8230;0;;224;MAJOR_ROAD;180573;Denmark;1008;AAR_BT_0131 2654 2655;182196;1631
Viborgvej;Viborgvej;3159;3158;50;Aarhus;Aarhus;56.17262996;10.15343615;56.16914803;44;8210;Denmark;209;COWI;8210;165-167;;255;MAJOR_ROAD;182712;Denmark;613;AAR_BT_0162 3159 3158;183579;1662
Viborgvej;Viborgvej;3158;3159;56;Aarhus;Aarhus;56.16914803;10.16106271;56.17267849;39;8210;Denmark;165-167;COWI;8210;209;;256;MAJOR_ROAD;182738;Denmark;612;AAR_BT_0163 3158 3159;183581;1663
Viborgvej;Viborgvej;3156;3157;70;Aarhus;Aarhus;56.15941871;10.18776376;56.16244695;35;8210;Denmark;14;COWI;8000;47;;260;MAJOR_ROAD;182846;Denmark;672;AAR_BT_0167 3156 3157;183589;1667
Silkeborgvej;Silkeborgvej;3199;3200;95;Aarhus;Aarhus;56.15461014;10.15744022;56.15326735;44;8220;Denmark;303;COWI;8230;521;;268;MAJOR_ROAD;183063;Denmark;1151;AAR_BT_0175 3199 3200;183605;1675
Silkeborgvej;Silkeborgvej;3199;3198;111;Aarhus;Aarhus;56.15461014;10.15744022;56.15591411;38;8000;Denmark;303;COWI;8230;188;;269;MAJOR_ROAD;183091;Denmark;1168;AAR_BT_0176 3199 3198;183607;1676
Silkeborgvej;Silkeborgvej;3198;3199;115;Aarhus;Aarhus;56.15591411;10.17613354;56.15461014;37;8230;Denmark;188;COWI;8000;303;;270;MAJOR_ROAD;183117;Denmark;1168;AAR_BT_0177 3198 3199;183609;1677
Skanderborgvej;Skanderborgvej;3986;3987;74;Aarhus;Aarhus;56.12574362;10.15788068;56.13096577;38;8260;Denmark;223;COWI;8260;169;;271;MAJOR_ROAD;184595;Denmark;787;AAR_BT_0178 3986 3987;186195;1678
Hasle Ringvej;Randersvej;2659;3154;63;Aarhus;Aarhus;56.18135326;10.19290601;56.18028339;31;8200;Denmark;138;COWI;8200;164;;291;MAJOR_ROAD;185131;Denmark;551;AAR_BT_0198 2659 3154;186235;1698
Hasle Ringvej;Hasle Ringvej;2658;2657;66;Aarhus;Aarhus;56.1787106;10.18448532;56.17505006;49;8210;Denmark;0;COWI;8200;0;;217;MAJOR_ROAD;179310;Denmark;906;AAR_BT_0124 2658 2657;180165;1624
Hasle Ringvej;Åby Ringvej;2656;2655;67;Aarhus;Aarhus;56.17312782;10.16175769;56.16798815;47;8210;Denmark;27;COWI;8210;27;;221;MAJOR_ROAD;179418;Denmark;872;AAR_BT_0128 2656 2655;180173;1628
Åby Ringvej;Hasle Ringvej;2655;2656;67;Aarhus;Aarhus;56.16786719;10.15157946;56.17304495;47;8210;Denmark;36;COWI;8210;36;;222;MAJOR_ROAD;179444;Denmark;868;AAR_BT_0129 2655 2656;180175;1629
Åby Ringvej;Åby Ringvej;2655;2654;75;Aarhus;Aarhus;56.16798815;10.15138768;56.16019089;49;8230;Denmark;0;COWI;8210;0;;223;MAJOR_ROAD;180547;Denmark;1020;AAR_BT_0130 2655 2654;182194;1630
Vestre Ringgade;Vestre Ringgade;3194;3193;49;Aarhus;Aarhus;56.15898449;10.18294417;56.16389697;44;8210;Denmark;70;COWI;8000;53;;240;MAJOR_ROAD;181006;Denmark;595;AAR_BT_0147 3194 3193;182228;1647
Randersvej;Randersvej;3154;3977;39;Aarhus;Aarhus Municipality;56.18028339;10.1987787;56.17603875;46;8200;Denmark;164;COWI;8200;51;;249;MAJOR_ROAD;181251;Denmark;503;AAR_BT_0156 3154 3977;182246;1656
Viborgvej;Viborgvej;3158;3157;110;Aarhus;Aarhus;56.16914803;10.16106271;56.16236929;44;8210;Denmark;165-167;COWI;8210;47;;257;MAJOR_ROAD;182766;Denmark;1337;AAR_BT_0164 3158 3157;183583;1664
Vejlby Ringvej;Randersvej;2660;3154;57;Aarhus;Aarhus;56.18333604;10.20070079;56.18028339;32;8200;Denmark;20;COWI;8200;164;;287;MAJOR_ROAD;185025;Denmark;509;AAR_BT_0194 2660 3154;186227;1694
Hasle Ringvej;Randersvej;2659;3155;61;Aarhus;Aarhus;56.18135326;10.19290601;56.18465956;34;8200;Denmark;138;COWI;8200;138;;289;MAJOR_ROAD;185078;Denmark;573;AAR_BT_0196 2659 3155;186231;1696
Søftenvej;Viborgvej;4349;4350;46;Aarhus;Tilst;56.20852027;10.16103839;56.20391;81;8381;Denmark;0;COWI;8200;143;;182;MAJOR_ROAD;158983;Denmark;1030;AAR_BT_0023 4349 4350;161167;1589
Viborgvej;Randersvej;4350;4362;31;Tilst;Aarhus;56.20391;10.175128;56.19920219;81;8200;Denmark;143;COWI;8381;0;;183;MAJOR_ROAD;159014;Denmark;700;AAR_BT_0024 4350 4362;161215;1590
Grenåvej;Dronning Margrethes Vej;3181;3978;84;Risskov;Aarhus;56.18290049;10.21780255;56.17540521;38;8200;Denmark;105;COWI;8240;97;;197;MAJOR_ROAD;178767;Denmark;881;AAR_BT_0104 3181 3978;180125;1604
Dronning Margrethes Vej;Grenåvej;3978;3181;78;Aarhus;Risskov;56.17543209;10.22127303;56.18290049;40;8240;Denmark;97;COWI;8200;105;;198;MAJOR_ROAD;178793;Denmark;877;AAR_BT_0105 3978 3181;180127;1605
Dronning Margrethes Vej;Skovvejen;3978;3186;99;Aarhus;Aarhus;56.17540521;10.22117647;56.16631645;38;8000;Denmark;97;COWI;8200;67;;199;MAJOR_ROAD;178821;Denmark;1043;AAR_BT_0106 3978 3186;180129;1606
Skovvejen;Dronning Margrethes Vej;3186;3978;97;Aarhus;Aarhus;56.1663172;10.21822609;56.17543209;39;8200;Denmark;67;COWI;8000;97;;200;MAJOR_ROAD;178847;Denmark;1050;AAR_BT_0107 3186 3978;180131;1607
Vejlby Ringvej;Vejlby Ringvej;2661;2660;57;Risskov;Aarhus;56.18707126;10.21234136;56.18333604;53;8200;Denmark;0;COWI;8240;20;;211;MAJOR_ROAD;179148;Denmark;832;AAR_BT_0118 2661 2660;180153;1618
;Skanderborgvej;3979;3150;82;Aarhus;Aarhus;56.14183597;10.19290604;56.14258759;25;8000;Denmark;0;COWI;8000;26;;574;MAJOR_ROAD;206104;Denmark;559;AAR_BT_0494 3979 3150;229613;1981
Århusvej;Århusvej;4320;4322;52;Hinnerup;Hinnerup;56.23172069;10.10498608;56.22579478;71;8382;Denmark;72;COWI;8382;0;;160;MAJOR_ROAD;158324;Denmark;1030;AAR_BT_0001 4320 4322;159103;1567
Randersvej;Randersvej;4359;4348;54;Aarhus;Aarhus;56.21831017;10.16718943;56.2107182;61;8200;Denmark;311;COWI;8200;0;;175;MAJOR_ROAD;158776;Denmark;920;AAR_BT_0016 4359 4348;160897;1582
Randersvej;Randersvej;4348;4359;54;Aarhus;Aarhus;56.21075624;10.17316161;56.21831017;61;8200;Denmark;294;COWI;8200;311;;176;MAJOR_ROAD;158805;Denmark;920;AAR_BT_0017 4348 4359;160926;1583
Randersvej;Viborgvej;4348;4350;53;Aarhus;Tilst;56.2107182;10.17302348;56.20391;81;8381;Denmark;0;COWI;8200;143;;177;MAJOR_ROAD;158836;Denmark;1195;AAR_BT_0018 4348 4350;160983;1584
Søftenvej;Randersvej;4350;4348;41;Aarhus;Aarhus;56.20417258;10.17540695;56.21075624;81;8200;Denmark;294;COWI;8200;294;;178;MAJOR_ROAD;158865;Denmark;920;AAR_BT_0019 4350 4348;161028;1585
15;Århusvej;4326;4322;106;Aarhus;Hinnerup;56.21399075;10.14507331;56.22579478;90;8382;Denmark;0;COWI;8200;0;;185;MAJOR_ROAD;172156;Denmark;2643;AAR_BT_0026 4326 4322;172300;1592
Spanien;Kystvejen;3189;3187;220;Aarhus;Aarhus;56.14892751;10.20959978;56.16159727;24;8000;Denmark;63;COWI;8000;59;;204;MAJOR_ROAD;178955;Denmark;1492;AAR_BT_0111 3189 3187;180139;1611
Randersvej;Hasle Ringvej;3154;2659;61;Aarhus;Aarhus;56.1803125;10.19893293;56.18146;35;8200;Denmark;164;COWI;8200;164;;292;MAJOR_ROAD;185157;Denmark;590;AAR_BT_0199 3154 2659;186237;1699
Jyllands Alle;Søndre Ringgade;4554;3197;163;Aarhus;Aarhus;56.13458496;10.18998071;56.14572219;30;8000;Denmark;0;COWI;8000;52;;590;MAJOR_ROAD;209721;Denmark;1357;AAR_BT_0510 4554 3197;229645;1997
Paludan-Müllers Vej;Hasle Ringvej;3983;2658;70;Aarhus;Aarhus;56.17389164;10.18218396;56.17862327;38;8200;Denmark;48;COWI;8200;48;;294;MAJOR_ROAD;185210;Denmark;746;AAR_BT_0201 3983 2658;186241;1701
Viborgvej;Vestre Ringgade;3156;3194;63;Aarhus;Aarhus;56.15941871;10.18776376;56.158983;33;8000;Denmark;14;COWI;8000;45;;346;MAJOR_ROAD;188092;Denmark;583;AAR_BT_0253 3156 3194;189746;1753
Grenåvej;Lystrupvej;4572;4340;103;Risskov;Risskov;56.1976518;10.22863922;56.205074;43;8240;Denmark;0;COWI;8240;42;;412;MAJOR_ROAD;192972;Denmark;1219;AAR_BT_0332 4572 4340;229108;1819
Paludan-Müllers Vej;Paludan-Müllers Vej;3983;4363;92;Aarhus;Aarhus;56.17389164;10.18218396;56.17932241;29;8200;Denmark;48;COWI;8200;231;;422;MAJOR_ROAD;193239;Denmark;743;AAR_BT_0342 3983 4363;229128;1829
Edwin Rahrs Vej;Edwin Rahrs Vej;4330;4325;80;Aarhus;Aarhus;56.16254305;10.12591258;56.16459887;46;8220;Denmark;42;COWI;8220;73-75;;440;MAJOR_ROAD;195150;Denmark;1015;AAR_BT_0360 4330 4325;229164;1847
Silkeborgvej;Silkeborgvej;4332;4343;120;Aarhus;Aarhus;56.15244752;10.06473464;56.15286328;44;8220;Denmark;791;COWI;8220;699;;443;MAJOR_ROAD;195233;Denmark;1462;AAR_BT_0363 4332 4343;229170;1850
Silkeborgvej;Silkeborgvej;3976;4343;94;Aarhus;Aarhus;56.1532811;10.11095355;56.15292303;56;8220;Denmark;0;COWI;8220;702;;446;MAJOR_ROAD;195312;Denmark;1454;AAR_BT_0366 3976 4343;229176;1853
Skanderborgvej;Søndre Ringgade;3150;3979;62;Aarhus;Aarhus;56.14251885;10.18688026;56.14175228;30;8000;Denmark;7;COWI;8000;15;;573;MAJOR_ROAD;206078;Denmark;521;AAR_BT_0493 3150 3979;229611;1980
Vestre Ringgade;Viborgvej;3193;3157;65;Aarhus;Aarhus;56.16396941;10.1858444;56.16244695;38;8210;Denmark;53;COWI;8210;47;;339;MAJOR_ROAD;187907;Denmark;691;AAR_BT_0246 3193 3157;189732;1746
Randersvej;Randersvej;4362;4361;82;Aarhus;Aarhus;56.19920219;10.18223822;56.18950967;53;8200;Denmark;0;COWI;8200;0;;397;MAJOR_ROAD;192574;Denmark;1210;AAR_BT_0313 4362 4361;229078;1804
Åby Ringvej;Jernaldervej;2655;4338;59;Aarhus;Aarhus;56.16786719;10.15157946;56.1708868;33;8210;Denmark;0;COWI;8210;7A;;454;MAJOR_ROAD;195525;Denmark;546;AAR_BT_0374 2655 4338;229192;1861
Silkeborgvej;Hestagervej;4343;4344;84;Aarhus;Aarhus;56.15292303;10.08787512;56.1546921;46;8220;Denmark;702;COWI;8220;7;;476;MAJOR_ROAD;197434;Denmark;1082;AAR_BT_0396 4343 4344;229236;1883
Møllebakken;Møllebakken;4561;4562;43;Hasselager;Hasselager;56.10806431;10.1147005;56.11059012;47;8361;Denmark;60;COWI;8361;15;;481;MAJOR_ROAD;197572;Denmark;560;AAR_BT_0401 4561 4562;229427;1888
Skanderborgvej;Møllebakken;4559;4562;107;Aarhus;Hasselager;56.11919616;10.14285936;56.11067163;53;8361;Denmark;0;COWI;8260;15;;484;MAJOR_ROAD;197652;Denmark;1589;AAR_BT_0404 4559 4562;229433;1891
Skanderborgvej;Skanderborgvej;4559;3986;88;Aarhus;Aarhus;56.11906159;10.14303639;56.12574362;48;8260;Denmark;230;COWI;8260;223;;485;MAJOR_ROAD;197679;Denmark;1183;AAR_BT_0405 4559 3986;229435;1892
Ringvej Syd;Ringvej Syd;4557;4334;97;Højbjerg;Aarhus;56.1098643;10.1627288;56.11819883;49;8260;Denmark;0;COWI;8270;100;;490;MAJOR_ROAD;197814;Denmark;1310;AAR_BT_0410 4557 4334;229445;1897
Vestre Ringgade;Vestre Ringgade;3195;3194;38;Aarhus;Aarhus;56.15499691;10.18284161;56.15898449;42;8000;Denmark;70;COWI;8000;70;;242;MAJOR_ROAD;181060;Denmark;445;AAR_BT_0149 3195 3194;182232;1649
Vestre Ringgade;Silkeborgvej;3194;3198;62;Aarhus;Aarhus;56.158983;10.18265986;56.15591411;41;8000;Denmark;45;COWI;8000;188;;347;MAJOR_ROAD;188119;Denmark;703;AAR_BT_0254 3194 3198;189748;1754
Vejlby Centervej;Grenåvej;4564;4581;62;Risskov;Risskov;56.19677547;10.21621154;56.19371107;30;8240;Denmark;7;COWI;8240;7;;415;MAJOR_ROAD;193053;Denmark;519;AAR_BT_0335 4564 4581;229114;1822
Marselis Boulevard;Strandvejen;4367;4375;91;Aarhus;Aarhus;56.14171142;10.20441591;56.13673886;36;8000;Denmark;0;COWI;8000;21;;560;MAJOR_ROAD;204060;Denmark;919;AAR_BT_0480 4367 4375;229585;1967
Strandvejen;Marselis Boulevard;4375;3989;115;Aarhus;Aarhus;56.13673886;10.20776318;56.14079407;30;8000;Denmark;21;COWI;8000;50;;561;MAJOR_ROAD;204087;Denmark;962;AAR_BT_0481 4375 3989;229587;1968
Oddervej;Ringvej Syd;4378;4371;80;Højbjerg;Højbjerg;56.09926842;10.20902039;56.10480213;45;8270;Denmark;206;COWI;8270;206;;566;MAJOR_ROAD;204219;Denmark;996;AAR_BT_0486 4378 4371;229597;1973
Hasle Ringvej;Halmstadgade;2658;3163;81;Aarhus;Aarhus;56.17862327;10.18461072;56.18210218;27;8200;Denmark;0;COWI;8200;3;;567;MAJOR_ROAD;204247;Denmark;613;AAR_BT_0487 2658 3163;229599;1974
Halmstadgade;Hasle Ringvej;3163;2658;58;Aarhus;Aarhus;56.18210218;10.18935531;56.1787106;37;8200;Denmark;3;COWI;8200;3;;568;MAJOR_ROAD;204273;Denmark;590;AAR_BT_0488 3163 2658;229601;1975
Vestre Ringgade;Vestre Ringgade;3193;3194;45;Aarhus;Aarhus;56.16396941;10.1858444;56.158983;48;8000;Denmark;53;COWI;8210;45;;239;MAJOR_ROAD;180980;Denmark;602;AAR_BT_0146 3193 3194;182226;1646
Søren Frichs Vej;Viby Ringvej;3984;2653;65;Aarhus;Aarhus;56.14774074;10.15806073;56.14824209;36;8230;Denmark;80;COWI;8230;80;;314;MAJOR_ROAD;187244;Denmark;641;AAR_BT_0221 3984 2653;189682;1721
Grenåvej;Grenåvej;4578;4565;38;Ega;Risskov;56.20496203;10.25947036;56.2026462;57;8240;Denmark;425;COWI;8250;337;;377;MAJOR_ROAD;190583;Denmark;602;AAR_BT_0285 4578 4565;192380;1784
Viborgvej;Viborgvej;4333;4347;90;Tilst;Tilst;56.18959388;10.07666461;56.18546282;53;8381;Denmark;0;COWI;8381;0;;423;MAJOR_ROAD;193268;Denmark;1320;AAR_BT_0343 4333 4347;229130;1830
Viborgvej;Holmstrupgårdvej;4342;4336;132;Aarhus;Aarhus;56.1794155;10.1301538;56.17840254;23;8210;Denmark;295;COWI;8210;150;;466;MAJOR_ROAD;195843;Denmark;835;AAR_BT_0386 4342 4336;229216;1873
Ringvej Syd;Ringvej Syd;4334;4557;102;Aarhus;Højbjerg;56.118145;10.14813107;56.1098643;47;8270;Denmark;0;COWI;8260;0;;489;MAJOR_ROAD;197788;Denmark;1318;AAR_BT_0409 4334 4557;229443;1896
Ringvej Syd;Ringvej Syd;4570;4371;65;Højbjerg;Højbjerg;56.10895136;10.18239556;56.10480213;62;8270;Denmark;0;COWI;8270;0;;493;MAJOR_ROAD;197896;Denmark;1124;AAR_BT_0413 4570 4371;229451;1900
Ringvej Syd;Ringvej Syd;4371;4570;64;Højbjerg;Højbjerg;56.10480213;10.19880408;56.10895136;63;8270;Denmark;0;COWI;8270;0;;494;MAJOR_ROAD;197922;Denmark;1124;AAR_BT_0414 4371 4570;229453;1901
Landevejen;Landevejen;4558;4555;119;Tranbjerg;Tranbjerg;56.10097261;10.14058;56.08568326;62;8310;Denmark;0;COWI;8310;0;;496;MAJOR_ROAD;197977;Denmark;2052;AAR_BT_0416 4558 4555;229457;1903
Viby Ringvej;Silkeborgvej;2653;3199;126;Aarhus;Aarhus;56.14824209;10.14987431;56.15461014;44;8230;Denmark;0;COWI;8230;303;;311;MAJOR_ROAD;187165;Denmark;1547;AAR_BT_0218 2653 3199;189676;1718
Viby Ringvej;Skanderborgvej;2651;3986;90;Aarhus;Aarhus;56.13199024;10.157455;56.12582958;36;8260;Denmark;0;COWI;8260;222;;321;MAJOR_ROAD;187430;Denmark;902;AAR_BT_0228 2651 3986;189696;1728
Nordre Ringgade;Nørrebrogade;3191;3152;69;Aarhus;Aarhus;56.17112255;10.20144743;56.1681376;32;8000;Denmark;0;COWI;8000;45;;333;MAJOR_ROAD;187748;Denmark;604;AAR_BT_0240 3191 3152;189720;1740
Skanderborgvej;Marselis Boulevard;4373;3988;95;Aarhus;Aarhus;56.13832298;10.17933634;56.13962771;19;8000;Denmark;107;COWI;8260;174;;368;MAJOR_ROAD;190338;Denmark;494;AAR_BT_0275 4373 3988;192362;1775
Grenåvej;Grenåvej;4567;4572;60;Risskov;Risskov;56.2005601;10.24187643;56.19774431;53;8240;Denmark;0;COWI;8240;0;;381;MAJOR_ROAD;190691;Denmark;881;AAR_BT_0289 4567 4572;192388;1788
Strandvejen;Marselis Boulevard;4375;4367;129;Aarhus;Aarhus;56.13673886;10.20776318;56.1418235;32;8000;Denmark;21;COWI;8000;21;;559;MAJOR_ROAD;204034;Denmark;1154;AAR_BT_0479 4375 4367;229583;1966
Hasle Ringvej;Halmstadgade;2659;3163;57;Aarhus;Aarhus;56.18146;10.19279201;56.18210218;34;8200;Denmark;0;COWI;8200;3;;569;MAJOR_ROAD;204300;Denmark;545;AAR_BT_0489 2659 3163;229603;1976
Halmstadgade;Hasle Ringvej;3163;2659;61;Aarhus;Aarhus;56.18210218;10.18935531;56.18135326;34;8200;Denmark;3;COWI;8200;138;;570;MAJOR_ROAD;205997;Denmark;568;AAR_BT_0490 3163 2659;229605;1977
Silkeborgvej;Silkeborgvej;3976;3202;57;Aarhus;Aarhus;56.1532811;10.11095355;56.15256095;49;8220;Denmark;0;COWI;8220;607;;261;MAJOR_ROAD;182875;Denmark;769;AAR_BT_0168 3976 3202;183591;1668
Grenåvej;Grenåvej;4357;4353;131;Ega;Ega;56.23001329;10.29374048;56.2116393;63;8250;Denmark;503;COWI;8250;481;;371;MAJOR_ROAD;190421;Denmark;2279;AAR_BT_0279 4357 4353;192368;1778
Mejlbyvej;Mejlbyvej;4352;4355;176;Ega;Hjortshøj;56.22020076;10.26776222;56.24205366;51;8530;Denmark;58;COWI;8250;285;;386;MAJOR_ROAD;190825;Denmark;2502;AAR_BT_0294 4352 4355;192398;1793
Grenåvej;Viengevej;4578;4354;83;Ega;Risskov;56.20496203;10.25947036;56.20913963;48;8240;Denmark;425;COWI;8250;425;;408;MAJOR_ROAD;192866;Denmark;1103;AAR_BT_0326 4578 4354;229100;1815
Edwin Rahrs Vej;Edwin Rahrs Vej;4331;4330;94;Aarhus;Aarhus;56.16270728;10.13911681;56.16254305;32;8220;Denmark;6B;COWI;8220;42;;442;MAJOR_ROAD;195204;Denmark;825;AAR_BT_0362 4331 4330;229168;1849
Anelystvej;Viborgvej;4329;4347;117;Tilst;Tilst;56.18271716;10.10172029;56.18546282;20;8381;Denmark;0;COWI;8381;0;;459;MAJOR_ROAD;195658;Denmark;646;AAR_BT_0379 4329 4347;229202;1866
Anelystvej;Viborgvej;4329;4335;65;Tilst;Tilst;56.18271716;10.10172029;56.18263729;47;8381;Denmark;0;COWI;8381;389;;461;MAJOR_ROAD;195711;Denmark;849;AAR_BT_0381 4329 4335;229206;1868
Ringvej Syd;Skanderborgvej;4334;3986;94;Aarhus;Aarhus;56.11819883;10.14835369;56.12574362;46;8260;Denmark;100;COWI;8260;223;;537;MAJOR_ROAD;201908;Denmark;1190;AAR_BT_0457 4334 3986;229539;1944
Jyllands Alle;Rosenvangs Alle;4553;4556;140;Aarhus;Aarhus;56.12437833;10.18005602;56.13417989;34;8260;Denmark;158;COWI;8260;30;;552;MAJOR_ROAD;203848;Denmark;1330;AAR_BT_0472 4553 4556;229569;1959
Silkeborgvej;Viby Ringvej;3199;2653;127;Aarhus;Aarhus;56.15461014;10.15744022;56.14815842;45;8230;Denmark;303;COWI;8230;303;;312;MAJOR_ROAD;187191;Denmark;1596;AAR_BT_0219 3199 2653;189678;1719
Viengevej;Sindalsvej;4354;4358;183;Risskov;Risskov;56.20913963;10.24664253;56.21023739;44;8240;Denmark;0;COWI;8240;40;;396;MAJOR_ROAD;192546;Denmark;2251;AAR_BT_0304 4354 4358;229076;1803
Mejlbyvej;Grenåvej;4356;4569;54;Ega;Ega;56.21079898;10.26951908;56.20709857;38;8250;Denmark;2B;COWI;8250;2B;;405;MAJOR_ROAD;192787;Denmark;566;AAR_BT_0323 4356 4569;229094;1812
Lystrupvej;Grenåvej;4340;4567;94;Risskov;Risskov;56.205074;10.23621753;56.20043625;36;8240;Denmark;42;COWI;8240;42;;409;MAJOR_ROAD;192893;Denmark;948;AAR_BT_0329 4340 4567;229102;1816
Anelystvej;Anelystvej;4345;4329;148;Tilst;Tilst;56.16718933;10.0936125;56.18271716;45;8381;Denmark;35;COWI;8381;35;;434;MAJOR_ROAD;194986;Denmark;1855;AAR_BT_0354 4345 4329;229152;1841
Holmstrupgårdvej;Holmstrupgårdvej;4336;4337;93;Aarhus;Aarhus;56.17840254;10.12084169;56.16945461;39;8220;Denmark;150;COWI;8210;28;;435;MAJOR_ROAD;195015;Denmark;1018;AAR_BT_0355 4336 4337;229154;1842
Silkeborgvej;Silkeborgvej;4343;4332;125;Aarhus;Aarhus;56.15292303;10.08787512;56.15244752;43;8220;Denmark;702;COWI;8220;791;;444;MAJOR_ROAD;195259;Denmark;1494;AAR_BT_0364 4343 4332;229172;1851
Ringvej Syd;Ravnsbjergvej;4334;4552;85;Aarhus;Aarhus;56.11819883;10.14835369;56.12430428;34;8260;Denmark;100;COWI;8260;100;;488;MAJOR_ROAD;197760;Denmark;812;AAR_BT_0408 4334 4552;229441;1895
Christian X's Vej;Christian X's Vej;4566;4563;176;Aarhus;Højbjerg;56.13241046;10.17467748;56.12004118;30;8270;Denmark;35;COWI;8260;169;;502;MAJOR_ROAD;198139;Denmark;1474;AAR_BT_0422 4566 4563;229469;1909
Skanderborgvej;Viby Ringvej;3986;2651;91;Aarhus;Aarhus;56.12574362;10.15788068;56.13203209;37;8260;Denmark;223;COWI;8260;223;;322;MAJOR_ROAD;187456;Denmark;928;AAR_BT_0229 3986 2651;189698;1729
Mejlbyvej;Grenåvej;4356;4353;74;Ega;Ega;56.21079898;10.26951908;56.21155278;45;8250;Denmark;2B;COWI;8250;481;;403;MAJOR_ROAD;192734;Denmark;918;AAR_BT_0321 4356 4353;229090;1810
Grenåvej;Mejlbyvej;4569;4356;63;Ega;Ega;56.20698519;10.26732386;56.21080644;33;8250;Denmark;440;COWI;8250;4;;406;MAJOR_ROAD;192813;Denmark;586;AAR_BT_0324 4569 4356;229096;1813
Hestagervej;Edwin Rahrs Vej;4344;4328;94;Aarhus;Aarhus;56.1546921;10.0728908;56.15962241;31;8220;Denmark;7;COWI;8220;7;;471;MAJOR_ROAD;197302;Denmark;810;AAR_BT_0391 4344 4328;229226;1878
Ringvej Syd;Ringvej Syd;4557;4570;71;Højbjerg;Højbjerg;56.1098643;10.1627288;56.10895136;64;8270;Denmark;0;COWI;8270;0;;491;MAJOR_ROAD;197842;Denmark;1254;AAR_BT_0411 4557 4570;229447;1898
Ringvej Syd;Ringvej Syd;4570;4557;71;Højbjerg;Højbjerg;56.10895136;10.18239556;56.1098643;64;8270;Denmark;0;COWI;8270;0;;492;MAJOR_ROAD;197868;Denmark;1254;AAR_BT_0412 4570 4557;229449;1899
Rosenvangs Alle;Skanderborgvej;4556;4373;56;Aarhus;Aarhus;56.13417989;10.17948788;56.13832298;37;8260;Denmark;30;COWI;8260;107;;549;MAJOR_ROAD;203769;Denmark;574;AAR_BT_0469 4556 4373;229563;1956
Skanderborgvej;Rosenvangs Alle;4373;4556;74;Aarhus;Aarhus;56.13844852;10.1791506;56.13417989;29;8260;Denmark;106;COWI;8260;30;;550;MAJOR_ROAD;203795;Denmark;596;AAR_BT_0470 4373 4556;229565;1957
Mejlbyvej;Mejlbyvej;4356;4352;81;Ega;Ega;56.21080644;10.26967063;56.22020076;49;8250;Denmark;4;COWI;8250;58;;388;MAJOR_ROAD;190879;Denmark;1109;AAR_BT_0296 4356 4352;192402;1795
Hestagervej;Silkeborgvej;4344;4332;83;Aarhus;Aarhus;56.15457259;10.07239191;56.15244752;41;8220;Denmark;0;COWI;8220;791;;473;MAJOR_ROAD;197355;Denmark;934;AAR_BT_0393 4344 4332;229230;1880
Christian X's Vej;Jyllands Alle;4563;4553;94;Højbjerg;Aarhus;56.12004118;10.16744167;56.12437833;36;8260;Denmark;169;COWI;8270;158;;503;MAJOR_ROAD;198167;Denmark;942;AAR_BT_0423 4563 4553;229471;1910
Rosenvangs Alle;Vestavej;4556;4568;151;Aarhus;Højbjerg;56.13417989;10.17948788;56.12391431;30;8270;Denmark;30;COWI;8260;2;;509;MAJOR_ROAD;198330;Denmark;1247;AAR_BT_0429 4556 4568;229483;1916
Vestavej;Rosenvangs Alle;4568;4556;147;Højbjerg;Aarhus;56.12391431;10.18591478;56.13417989;31;8260;Denmark;2;COWI;8270;30;;510;MAJOR_ROAD;201183;Denmark;1246;AAR_BT_0430 4568 4556;229485;1917
Randersvej;Vejlby Centervej;3155;4564;194;Aarhus;Risskov;56.18465956;10.19604842;56.19677547;39;8240;Denmark;0;COWI;8200;7;;606;MAJOR_ROAD;210146;Denmark;2122;AAR_BT_0528 3155 4564;229677;2013
Ålykkevej;Viengevej;4565;4354;86;Risskov;Risskov;56.20251117;10.25078614;56.20913963;48;8240;Denmark;41;COWI;8240;41;;608;MAJOR_ROAD;210199;Denmark;1140;AAR_BT_0530 4565 4354;229681;1
Grenåvej;Mejlbyvej;4353;4356;67;Ega;Ega;56.2116393;10.27743649;56.21080644;47;8250;Denmark;481;COWI;8250;4;;404;MAJOR_ROAD;192760;Denmark;881;AAR_BT_0322 4353 4356;229092;1811
Møllebakken;Møllebakken;4562;4561;48;Hasselager;Hasselager;56.11067163;10.12228671;56.10806431;42;8361;Denmark;15;COWI;8361;60;;482;MAJOR_ROAD;197598;Denmark;555;AAR_BT_0402 4562 4561;229429;1889
Strandvejen;Strandvejen;3190;4375;78;Aarhus;Aarhus;56.14472623;10.20860097;56.13673886;42;8000;Denmark;36;COWI;8000;21;;513;MAJOR_ROAD;201265;Denmark;907;AAR_BT_0433 3190 4375;229491;1920
Oddervej;Oddervej;4378;4372;55;Højbjerg;Højbjerg;56.09926842;10.20902039;56.10506953;43;8270;Denmark;206;COWI;8270;172;;524;MAJOR_ROAD;201561;Denmark;664;AAR_BT_0444 4378 4372;229513;1931
Møllebakken;Genvejen;4561;4549;167;Hasselager;Hasselager;56.10806431;10.1147005;56.11996007;64;8361;Denmark;60;COWI;8361;60;;528;MAJOR_ROAD;201669;Denmark;2953;AAR_BT_0448 4561 4549;229521;1935
Ringvej Syd;Christian X's Vej;4557;4550;64;Højbjerg;Højbjerg;56.1098643;10.1627288;56.11028821;44;8270;Denmark;0;COWI;8270;0;;544;MAJOR_ROAD;203636;Denmark;785;AAR_BT_0464 4557 4550;229553;1951
Ringvej Syd;Christian X's Vej;4557;4563;123;Højbjerg;Højbjerg;56.1098643;10.1627288;56.12004118;45;8270;Denmark;0;COWI;8270;169;;545;MAJOR_ROAD;203663;Denmark;1534;AAR_BT_0465 4557 4563;229555;1952
Christian X's Vej;Ringvej Syd;4563;4557;142;Højbjerg;Højbjerg;56.12004118;10.16744167;56.1098643;40;8270;Denmark;169;COWI;8270;169;;546;MAJOR_ROAD;203689;Denmark;1562;AAR_BT_0466 4563 4557;229557;1953
Holmstrupgårdvej;Viborgvej;4336;4335;132;Aarhus;Tilst;56.17840254;10.12084169;56.18263729;25;8381;Denmark;150;COWI;8210;389;;463;MAJOR_ROAD;195764;Denmark;934;AAR_BT_0383 4336 4335;229210;1870
Oddervej;Oddervej;4379;4372;97;Højbjerg;Højbjerg;56.114487;10.20785423;56.10506953;40;8270;Denmark;70-74;COWI;8270;172;;521;MAJOR_ROAD;201481;Denmark;1074;AAR_BT_0441 4379 4372;229507;1928
Oddervej;Oddervej;4372;4378;66;Højbjerg;Højbjerg;56.10506953;10.20692744;56.09926842;36;8270;Denmark;172;COWI;8270;206;;523;MAJOR_ROAD;201535;Denmark;665;AAR_BT_0443 4372 4378;229511;1930
Ringvej Syd;Skanderborgvej;4334;4559;69;Aarhus;Aarhus;56.11819883;10.14835369;56.11919616;31;8260;Denmark;100;COWI;8260;0;;536;MAJOR_ROAD;201881;Denmark;585;AAR_BT_0456 4334 4559;229537;1943
Skanderborgvej;Ringvej Syd;3986;4334;106;Aarhus;Aarhus;56.12582958;10.15770902;56.118145;41;8260;Denmark;222;COWI;8260;222;;538;MAJOR_ROAD;201934;Denmark;1216;AAR_BT_0458 3986 4334;229541;1945
Ringvej Syd;Christian X's Vej;4334;4550;97;Aarhus;Højbjerg;56.118145;10.14813107;56.11028821;42;8270;Denmark;0;COWI;8260;0;;539;MAJOR_ROAD;201961;Denmark;1139;AAR_BT_0459 4334 4550;229543;1946
Christian X's Vej;Ringvej Syd;4550;4334;104;Højbjerg;Aarhus;56.11025082;10.15371482;56.11819883;40;8260;Denmark;205;COWI;8270;100;;540;MAJOR_ROAD;203530;Denmark;1161;AAR_BT_0460 4550 4334;229545;1947
Christian X's Vej;Ringvej Syd;4550;4557;63;Højbjerg;Højbjerg;56.11025082;10.15371482;56.1098643;43;8270;Denmark;205;COWI;8270;205;;543;MAJOR_ROAD;203610;Denmark;758;AAR_BT_0463 4550 4557;229551;1950
Vejlby Ringvej;Hasle Ringvej;2660;2659;59;Aarhus;Aarhus;56.18333604;10.20070079;56.18146;33;8200;Denmark;20;COWI;8200;20;;213;MAJOR_ROAD;179202;Denmark;533;AAR_BT_0120 2660 2659;180157;1620
Anelystvej;Anelystvej;4329;4345;157;Tilst;Tilst;56.18277314;10.10156472;56.16716656;43;8381;Denmark;0;COWI;8381;35;;433;MAJOR_ROAD;194960;Denmark;1867;AAR_BT_0353 4329 4345;229150;1840
Strandvejen;Strandvejen;4376;4375;56;Aarhus;Aarhus;56.13236397;10.21172275;56.13673886;35;8000;Denmark;122;COWI;8000;21;;516;MAJOR_ROAD;201345;Denmark;547;AAR_BT_0436 4376 4375;229497;1923
Strandvejen;Oddervej;4376;4377;143;Aarhus;Højbjerg;56.13236397;10.21172275;56.11782897;43;8270;Denmark;122;COWI;8000;51;;517;MAJOR_ROAD;201373;Denmark;1701;AAR_BT_0437 4376 4377;229499;1924
Oddervej;Strandvejen;4377;4376;138;Højbjerg;Aarhus;56.11782897;10.20711302;56.13236397;45;8000;Denmark;51;COWI;8270;122;;518;MAJOR_ROAD;201399;Denmark;1707;AAR_BT_0438 4377 4376;229501;1925
Oddervej;Oddervej;4377;4379;40;Højbjerg;Højbjerg;56.11782897;10.20711302;56.114487;34;8270;Denmark;51;COWI;8270;70-74;;519;MAJOR_ROAD;201427;Denmark;381;AAR_BT_0439 4377 4379;229503;1926
Oddervej;Oddervej;4379;4377;37;Højbjerg;Højbjerg;56.114487;10.20785423;56.11782897;37;8270;Denmark;70-74;COWI;8270;51;;520;MAJOR_ROAD;201453;Denmark;381;AAR_BT_0440 4379 4377;229505;1927
Oddervej;Århusvej;4378;4370;697;Højbjerg;Odder;56.09926842;10.20902039;55.9880315;67;8300;Denmark;206;COWI;8270;86;;525;MAJOR_ROAD;201589;Denmark;13068;AAR_BT_0445 4378 4370;229515;1932
;Jyllands Alle;3979;4554;127;Aarhus;Aarhus;56.14183597;10.19290604;56.13458496;31;8000;Denmark;0;COWI;8000;0;;592;MAJOR_ROAD;209774;Denmark;1105;AAR_BT_0512 3979 4554;229649;1999
Sindalsvej;Viengevej;4358;4354;193;Risskov;Risskov;56.21023739;10.21333293;56.20913963;42;8240;Denmark;40;COWI;8240;0;;395;MAJOR_ROAD;192520;Denmark;2248;AAR_BT_0303 4358 4354;229074;1802
Vestre Strandalle;Grenåvej;4351;4582;76;Risskov;Risskov;56.19038745;10.22311078;56.18655112;29;8240;Denmark;70A;COWI;8240;125;;419;MAJOR_ROAD;193159;Denmark;611;AAR_BT_0339 4351 4582;229122;1826
Landevejen;Christian X's Vej;4558;4550;93;Tranbjerg;Højbjerg;56.10097261;10.14058;56.11025082;51;8270;Denmark;0;COWI;8310;205;;497;MAJOR_ROAD;198005;Denmark;1318;AAR_BT_0417 4558 4550;229459;1904
Jyllands Alle;Jyllands Alle;4548;4553;84;Højbjerg;Aarhus;56.12994;10.18732968;56.12437833;35;8260;Denmark;105;COWI;8270;158;;506;MAJOR_ROAD;198247;Denmark;809;AAR_BT_0426 4548 4553;229477;1913
Jyllands Alle;Jyllands Alle;4548;4554;44;Højbjerg;Aarhus;56.12994;10.18732968;56.13458496;46;8000;Denmark;105;COWI;8270;105;;507;MAJOR_ROAD;198275;Denmark;560;AAR_BT_0427 4548 4554;229479;1914
Rosenvangs Alle;Vestavej;4368;4568;124;Højbjerg;Højbjerg;56.1169222;10.20216432;56.12391431;39;8270;Denmark;233;COWI;8270;2;;512;MAJOR_ROAD;201237;Denmark;1333;AAR_BT_0432 4368 4568;229489;1919
Århusvej;Oddervej;4370;4378;716;Odder;Højbjerg;55.9880315;10.15480794;56.09926842;66;8270;Denmark;86;COWI;8300;206;;526;MAJOR_ROAD;201615;Denmark;13066;AAR_BT_0446 4370 4378;229517;1933
Ravnsbjergvej;Skanderborgvej;4552;3986;122;Aarhus;Aarhus;56.12430428;10.14166338;56.12574362;43;8260;Denmark;0;COWI;8260;223;;533;MAJOR_ROAD;201802;Denmark;1457;AAR_BT_0453 4552 3986;229531;1940
Edwin Rahrs Vej;Åby Ringvej;4331;2654;51;Aarhus;Aarhus;56.16257435;10.13915436;56.16019089;41;8230;Denmark;6B;COWI;8220;0;;457;MAJOR_ROAD;195605;Denmark;581;AAR_BT_0377 4331 2654;229198;1864
Åby Ringvej;Edwin Rahrs Vej;2654;4331;62;Aarhus;Aarhus;56.16018043;10.1435208;56.16270728;36;8220;Denmark;6B;COWI;8230;6B;;458;MAJOR_ROAD;195631;Denmark;618;AAR_BT_0378 2654 4331;229200;1865
Christian X's Vej;Landevejen;4550;4558;95;Højbjerg;Tranbjerg;56.11028821;10.1536424;56.10097261;50;8310;Denmark;0;COWI;8270;0;;498;MAJOR_ROAD;198031;Denmark;1318;AAR_BT_0418 4550 4558;229461;1905
Christian X's Vej;Christian X's Vej;4563;4566;148;Højbjerg;Aarhus;56.12004118;10.16744167;56.13241046;36;8260;Denmark;169;COWI;8270;35;;501;MAJOR_ROAD;198113;Denmark;1489;AAR_BT_0421 4563 4566;229467;1908
Skanderborgvej;Ravnsbjergvej;3986;4552;110;Aarhus;Aarhus;56.12582958;10.15770902;56.12430428;46;8260;Denmark;222;COWI;8260;222;;534;MAJOR_ROAD;201828;Denmark;1408;AAR_BT_0454 3986 4552;229533;1941
Skanderborgvej;Ringvej Syd;4559;4334;52;Aarhus;Aarhus;56.11906159;10.14303639;56.118145;37;8260;Denmark;0;COWI;8260;0;;535;MAJOR_ROAD;201855;Denmark;539;AAR_BT_0455 4559 4334;229535;1942
Strandvejen;Marselis Boulevard;3190;4367;46;Aarhus;Aarhus;56.14472623;10.20860097;56.14184292;35;8000;Denmark;36;COWI;8000;24B;;587;MAJOR_ROAD;206449;Denmark;441;AAR_BT_0507 3190 4367;229639;1994
Jernaldervej;Hasle Ringvej;4338;2656;101;Aarhus;Aarhus;56.1708868;10.14954792;56.17304495;35;8210;Denmark;7A;COWI;8210;36;;451;MAJOR_ROAD;195446;Denmark;978;AAR_BT_0371 4338 2656;229186;1858
Viborgvej;Anelystvej;4347;4329;52;Tilst;Tilst;56.18546282;10.09634485;56.18277314;43;8381;Denmark;0;COWI;8381;0;;460;MAJOR_ROAD;195684;Denmark;628;AAR_BT_0380 4347 4329;229204;1867
Viborgvej;Holmstrupgårdvej;4335;4336;66;Tilst;Aarhus;56.18263729;10.11353144;56.17840254;50;8210;Denmark;389;COWI;8381;150;;464;MAJOR_ROAD;195790;Denmark;911;AAR_BT_0384 4335 4336;229212;1871
Holmstrupgårdvej;Viborgvej;4336;4342;65;Aarhus;Aarhus;56.17840254;10.12084169;56.1794155;45;8210;Denmark;150;COWI;8210;295;;465;MAJOR_ROAD;195817;Denmark;812;AAR_BT_0385 4336 4342;229214;1872
Edwin Rahrs Vej;Anelystvej;4325;4345;116;Aarhus;Tilst;56.16459887;10.10998427;56.16718933;37;8381;Denmark;73-75;COWI;8220;35;;468;MAJOR_ROAD;195896;Denmark;1205;AAR_BT_0388 4325 4345;229220;1875
Genvejen;Genvejen;4549;4560;51;Hasselager;Stavtrup;56.11996007;10.08367829;56.12137955;78;8260;Denmark;0;COWI;8361;0;;478;MAJOR_ROAD;197489;Denmark;1110;AAR_BT_0398 4549 4560;229240;1885
Møllebakken;Skanderborgvej;4562;4559;107;Hasselager;Aarhus;56.11059012;10.12240875;56.11906159;53;8260;Denmark;15;COWI;8361;0;;483;MAJOR_ROAD;197626;Denmark;1588;AAR_BT_0403 4562 4559;229431;1890
Landevejen;Landevejen;4555;4558;130;Tranbjerg;Tranbjerg;56.08558524;10.12412615;56.10097261;57;8310;Denmark;0;COWI;8310;0;;495;MAJOR_ROAD;197951;Denmark;2050;AAR_BT_0415 4555 4558;229455;1902
Humlehusvej;Skejby Nordlandsvej;4360;4365;91;Aarhus;Aarhus;56.20103008;10.16907878;56.20499385;32;8200;Denmark;16;COWI;8200;311;;391;MAJOR_ROAD;190963;Denmark;809;AAR_BT_0299 4360 4365;192408;1798
Sindalsvej;Skejby Nordlandsvej;4358;4365;187;Risskov;Aarhus;56.21023739;10.21333293;56.20499385;44;8200;Denmark;40;COWI;8240;311;;394;MAJOR_ROAD;192492;Denmark;2283;AAR_BT_0302 4358 4365;229072;1801
Viengevej;Grenåvej;4354;4578;101;Risskov;Ega;56.20913963;10.24664253;56.20482702;40;8250;Denmark;0;COWI;8240;402;;407;MAJOR_ROAD;192840;Denmark;1131;AAR_BT_0325 4354 4578;229098;1814
Grenåvej;Vestre Strandalle;4582;4351;59;Risskov;Risskov;56.18654627;10.21830381;56.19038745;36;8240;Denmark;126;COWI;8240;70A;;420;MAJOR_ROAD;193185;Denmark;587;AAR_BT_0340 4582 4351;229124;1827
Viborgvej;Viborgvej;4347;4333;99;Tilst;Tilst;56.18546282;10.09634485;56.18959388;48;8381;Denmark;0;COWI;8381;0;;424;MAJOR_ROAD;193294;Denmark;1324;AAR_BT_0344 4347 4333;229132;1831
Viborgvej;Viborgvej;4342;4335;73;Aarhus;Tilst;56.1794155;10.1301538;56.18263729;54;8381;Denmark;295;COWI;8210;389;;428;MAJOR_ROAD;193402;Denmark;1096;AAR_BT_0348 4342 4335;229140;1835
Viborgvej;Viborgvej;4342;4339;35;Aarhus;Aarhus;56.1794155;10.1301538;56.17734056;57;8210;Denmark;295;COWI;8210;277;;429;MAJOR_ROAD;193430;Denmark;558;AAR_BT_0349 4342 4339;229142;1836
Hasle Ringvej;Paludan-Müllers Vej;2658;4363;82;Aarhus;Aarhus;56.1787106;10.18448532;56.17932241;34;8200;Denmark;0;COWI;8200;231;;448;MAJOR_ROAD;195365;Denmark;769;AAR_BT_0368 2658 4363;229180;1855
Skanderborgvej;Søndre Ringgade;3150;3197;53;Aarhus;Aarhus;56.14251885;10.18688026;56.14572219;33;8000;Denmark;7;COWI;8000;52;;356;MAJOR_ROAD;190020;Denmark;481;AAR_BT_0263 3150 3197;192338;1763
Haveforening Af 1918;Skanderborgvej;3988;3150;85;Aarhus;Aarhus;56.13953207;10.17720341;56.14251885;32;8000;Denmark;4;COWI;8000;7;;365;MAJOR_ROAD;190259;Denmark;746;AAR_BT_0272 3988 3150;192356;1772
Grenåvej;Grenåvej;4569;4353;53;Ega;Ega;56.20698519;10.26732386;56.21155278;57;8250;Denmark;440;COWI;8250;481;;374;MAJOR_ROAD;190501;Denmark;838;AAR_BT_0282 4569 4353;192374;1781
Grenåvej;Grenåvej;4569;4578;38;Ega;Ega;56.20709857;10.26720584;56.20496203;51;8250;Denmark;0;COWI;8250;425;;375;MAJOR_ROAD;190529;Denmark;534;AAR_BT_0283 4569 4578;192376;1782
Grenåvej;Grenåvej;4581;4572;49;Risskov;Risskov;56.19369242;10.21908612;56.1976518;59;8240;Denmark;0;COWI;8240;0;;384;MAJOR_ROAD;190770;Denmark;797;AAR_BT_0292 4581 4572;192394;1791
Mejlbyvej;Mejlbyvej;4355;4352;169;Hjortshøj;Ega;56.24203279;10.26136529;56.22020076;53;8250;Denmark;285;COWI;8530;58;;385;MAJOR_ROAD;190799;Denmark;2502;AAR_BT_0293 4355 4352;192396;1792
Mejlbyvej;Mejlbyvej;4352;4356;80;Ega;Ega;56.22020076;10.26776222;56.21079898;50;8250;Denmark;58;COWI;8250;2B;;387;MAJOR_ROAD;190853;Denmark;1107;AAR_BT_0295 4352 4356;192400;1794
Randersvej;Randersvej;4361;3155;54;Aarhus;Århus N;56.18950967;10.19094022;56.18461478;42;8200;Denmark;0;COWI;8200;141;;399;MAJOR_ROAD;192627;Denmark;627;AAR_BT_0315 4361 3155;229082;1806
Randersvej;Randersvej;3155;4361;55;Aarhus;Aarhus;56.18465956;10.19604842;56.18958131;41;8200;Denmark;0;COWI;8200;210;;400;MAJOR_ROAD;192653;Denmark;631;AAR_BT_0316 3155 4361;229084;1807
Vestre Ringgade;Viborgvej;3194;3157;57;Aarhus;Aarhus;56.15898449;10.18294417;56.16244695;35;8210;Denmark;70;COWI;8000;47;;343;MAJOR_ROAD;188013;Denmark;560;AAR_BT_0250 3194 3157;189740;1750
Viborgvej;Vestre Ringgade;3157;3194;50;Aarhus;Aarhus;56.16236929;10.1783356;56.158983;39;8000;Denmark;47;COWI;8210;45;;344;MAJOR_ROAD;188039;Denmark;535;AAR_BT_0251 3157 3194;189742;1751
Vestre Ringgade;Viborgvej;3194;3156;51;Aarhus;Aarhus;56.15898449;10.18294417;56.15941871;38;8000;Denmark;70;COWI;8000;14;;345;MAJOR_ROAD;188066;Denmark;534;AAR_BT_0252 3194 3156;189744;1752
Silkeborgvej;Vestre Ringgade;3198;3194;78;Aarhus;Aarhus;56.15591411;10.17613354;56.15898449;33;8000;Denmark;188;COWI;8000;70;;348;MAJOR_ROAD;188145;Denmark;725;AAR_BT_0255 3198 3194;189750;1755
Vestre Ringgade;Silkeborgvej;3195;3198;64;Aarhus;Aarhus;56.15499691;10.18284161;56.15591411;32;8000;Denmark;0;COWI;8000;188;;349;MAJOR_ROAD;188172;Denmark;566;AAR_BT_0256 3195 3198;189752;1756
Silkeborgvej;Vestre Ringgade;3198;3195;62;Aarhus;Aarhus;56.15591411;10.17613354;56.15498347;31;8000;Denmark;188;COWI;8000;41;;350;MAJOR_ROAD;188198;Denmark;540;AAR_BT_0257 3198 3195;189754;1757
Vestre Ringgade;Søren Frichs Vej;3195;3985;65;Aarhus;Århus C;56.15498347;10.18261631;56.1519497;35;8000;Denmark;41;COWI;8000;39;;351;MAJOR_ROAD;188225;Denmark;637;AAR_BT_0258 3195 3985;189756;1758
Søndre Ringgade;Skanderborgvej;3197;3150;56;Aarhus;Aarhus;56.14563851;10.1867623;56.14258759;29;8000;Denmark;63;COWI;8000;26;;355;MAJOR_ROAD;189994;Denmark;447;AAR_BT_0262 3197 3150;192336;1762
Åby Ringvej;Silkeborgvej;2654;3200;73;Aarhus;Aarhus;56.16019089;10.14325795;56.15326735;50;8220;Denmark;0;COWI;8230;521;;305;MAJOR_ROAD;187006;Denmark;1018;AAR_BT_0212 2654 3200;189664;1712
Vestre Ringgade;Paludan-Müllers Vej;3192;3982;86;Aarhus;Aarhus;56.16945047;10.19433871;56.17027857;28;8210;Denmark;61;COWI;8200;95;;335;MAJOR_ROAD;187801;Denmark;671;AAR_BT_0242 3192 3982;189724;1742
Paludan-Müllers Vej;Vestre Ringgade;3982;3192;80;Aarhus;Aarhus;56.17027857;10.1866526;56.16929517;31;8000;Denmark;95;COWI;8210;210;;336;MAJOR_ROAD;187827;Denmark;696;AAR_BT_0243 3982 3192;189726;1743
Vestre Ringgade;Paludan-Müllers Vej;3193;3982;105;Aarhus;Aarhus;56.16389697;10.18616225;56.17027857;31;8210;Denmark;53;COWI;8210;95;;337;MAJOR_ROAD;187854;Denmark;910;AAR_BT_0244 3193 3982;189728;1744
Paludan-Müllers Vej;Vestre Ringgade;3982;3193;81;Aarhus;Aarhus;56.17027857;10.1866526;56.16396941;40;8210;Denmark;95;COWI;8210;53;;338;MAJOR_ROAD;187880;Denmark;890;AAR_BT_0245 3982 3193;189730;1745
Viborgvej;Vestre Ringgade;3157;3193;69;Aarhus;Aarhus;56.16236929;10.1783356;56.16389697;38;8210;Denmark;47;COWI;8210;53;;340;MAJOR_ROAD;187933;Denmark;731;AAR_BT_0247 3157 3193;189734;1747
Søren Frichs Vej;Vestre Ringgade;3985;3195;96;Århus C;Aarhus;56.1519497;10.17614185;56.15499691;25;8000;Denmark;39;COWI;8000;39;;352;MAJOR_ROAD;188251;Denmark;676;AAR_BT_0259 3985 3195;189758;1759
Skanderborgvej;Marselis Boulevard;4373;3990;43;Aarhus;Aarhus;56.13832298;10.17933634;56.13947789;42;8000;Denmark;107;COWI;8260;135;;364;MAJOR_ROAD;190232;Denmark;500;AAR_BT_0271 4373 3990;192354;1771
Skanderborgvej;Skanderborgvej;4373;3150;60;Aarhus;Aarhus;56.13832298;10.17933634;56.14251885;40;8000;Denmark;107;COWI;8260;7;;275;MAJOR_ROAD;184703;Denmark;661;AAR_BT_0182 4373 3150;186203;1682
Vejlby Ringvej;Grenåvej;2661;4582;55;Risskov;Risskov;56.1869623;10.21245937;56.18655112;43;8240;Denmark;0;COWI;8240;125;;284;MAJOR_ROAD;184945;Denmark;656;AAR_BT_0191 2661 4582;186221;1691
Viborgvej;Åby Ringvej;3159;2655;57;Aarhus;Aarhus;56.17262996;10.15343615;56.16798815;45;8210;Denmark;209;COWI;8210;209;;302;MAJOR_ROAD;185422;Denmark;705;AAR_BT_0209 3159 2655;186257;1709
Åby Ringvej;Viborgvej;2655;3158;66;Aarhus;Aarhus;56.16786719;10.15157946;56.16914803;45;8210;Denmark;0;COWI;8210;165-167;;303;MAJOR_ROAD;186953;Denmark;816;AAR_BT_0210 2655 3158;189660;1710
Viborgvej;Åby Ringvej;3158;2655;76;Aarhus;Aarhus;56.16914803;10.16106271;56.16798815;40;8210;Denmark;165-167;COWI;8210;165-167;;304;MAJOR_ROAD;186979;Denmark;844;AAR_BT_0211 3158 2655;189662;1711
Marselis Boulevard;Viby Ringvej;3988;2652;109;Aarhus;Aarhus;56.13962771;10.1772356;56.14051552;62;8230;Denmark;174;COWI;8000;104;;318;MAJOR_ROAD;187350;Denmark;1873;AAR_BT_0225 3988 2652;189690;1725
Marselis Boulevard;Viby Ringvej;3988;2651;126;Aarhus;Aarhus;56.13962771;10.1772356;56.13199024;54;8260;Denmark;174;COWI;8000;174;;320;MAJOR_ROAD;187403;Denmark;1904;AAR_BT_0227 3988 2651;189694;1727
Viby Ringvej;Skanderborgvej;2651;3987;102;Aarhus;Aarhus;56.13199024;10.157455;56.13096577;30;8260;Denmark;0;COWI;8260;169;;323;MAJOR_ROAD;187483;Denmark;858;AAR_BT_0230 2651 3987;189700;1730
Søndre Ringgade;Søndre Ringgade;3197;3196;37;Aarhus;Aarhus;56.14572219;10.18694469;56.1498479;49;8000;Denmark;52;COWI;8000;52;;246;MAJOR_ROAD;181168;Denmark;503;AAR_BT_0153 3197 3196;182240;1653
Randersvej;Randersvej;3154;3155;54;Aarhus;Aarhus;56.1803125;10.19893293;56.18465956;34;8200;Denmark;164;COWI;8200;164;;248;MAJOR_ROAD;181223;Denmark;515;AAR_BT_0155 3154 3155;182244;1655
Søren Frichs Vej;Søren Frichs Vej;3985;3984;113;Århus C;Aarhus;56.1519497;10.17614185;56.14774074;39;8230;Denmark;39;COWI;8000;80;;278;MAJOR_ROAD;184784;Denmark;1222;AAR_BT_0185 3985 3984;186209;1685
Paludan-Müllers Vej;Paludan-Müllers Vej;3983;3982;51;Aarhus;Aarhus;56.17389164;10.18218396;56.17027857;35;8210;Denmark;48;COWI;8200;95;;279;MAJOR_ROAD;184813;Denmark;491;AAR_BT_0186 3983 3982;186211;1686
Paludan-Müllers Vej;Paludan-Müllers Vej;3982;3983;57;Aarhus;Aarhus;56.17027857;10.1866526;56.17389164;31;8200;Denmark;95;COWI;8210;48;;280;MAJOR_ROAD;184839;Denmark;490;AAR_BT_0187 3982 3983;186213;1687
Grenåvej;Vejlby Ringvej;4581;2661;77;Risskov;Risskov;56.19371107;10.21887825;56.18707126;44;8240;Denmark;0;COWI;8240;0;;281;MAJOR_ROAD;184866;Denmark;942;AAR_BT_0188 4581 2661;186215;1688
Randersvej;Vejlby Ringvej;3155;2660;62;Århus N;Aarhus;56.18461478;10.19580434;56.18324423;29;8200;Denmark;141;COWI;8200;20;;286;MAJOR_ROAD;184998;Denmark;498;AAR_BT_0193 3155 2660;186225;1693
Hasle Ringvej;Paludan-Müllers Vej;2657;3983;69;Aarhus;Aarhus;56.17491718;10.17161187;56.17389164;44;8200;Denmark;0;COWI;8210;48;;295;MAJOR_ROAD;185237;Denmark;851;AAR_BT_0202 2657 3983;186243;1702
Vestre Ringgade;Vestre Ringgade;3194;3195;38;Aarhus;Aarhus;56.158983;10.18265986;56.15498347;42;8000;Denmark;45;COWI;8000;41;;241;MAJOR_ROAD;181034;Denmark;447;AAR_BT_0148 3194 3195;182230;1648
Vestre Ringgade;Søndre Ringgade;3195;3196;43;Aarhus;Aarhus;56.15498347;10.18261631;56.14980757;49;8000;Denmark;41;COWI;8000;41;;243;MAJOR_ROAD;181088;Denmark;580;AAR_BT_0150 3195 3196;182234;1650
Søndre Ringgade;Vestre Ringgade;3196;3195;51;Aarhus;Aarhus;56.1498479;10.18367947;56.15499691;41;8000;Denmark;0;COWI;8000;0;;244;MAJOR_ROAD;181114;Denmark;577;AAR_BT_0151 3196 3195;182236;1651
Randersvej;Nørrebrogade;3977;3152;88;Aarhus Municipality;Aarhus;56.17603875;10.20161666;56.1681376;38;8000;Denmark;51;COWI;8200;45;;251;MAJOR_ROAD;181305;Denmark;938;AAR_BT_0158 3977 3152;182250;1658
Silkeborgvej;Silkeborgvej;3200;3201;35;Aarhus;Aarhus;56.15326735;10.1390255;56.15275729;49;8220;Denmark;521;COWI;8220;562;;266;MAJOR_ROAD;183009;Denmark;481;AAR_BT_0173 3200 3201;183601;1673
Skanderborgvej;Skanderborgvej;3987;3986;78;Aarhus;Aarhus;56.13105396;10.16616305;56.12582958;36;8260;Denmark;168;COWI;8260;222;;272;MAJOR_ROAD;184621;Denmark;789;AAR_BT_0179 3987 3986;186197;1679
Skanderborgvej;Skanderborgvej;3987;4373;93;Aarhus;Aarhus;56.13096577;10.16631862;56.13832298;45;8260;Denmark;169;COWI;8260;107;;273;MAJOR_ROAD;184649;Denmark;1151;AAR_BT_0180 3987 4373;186199;1680
Skanderborgvej;Skanderborgvej;4373;3987;89;Aarhus;Aarhus;56.13844852;10.1791506;56.13105396;47;8260;Denmark;106;COWI;8260;168;;274;MAJOR_ROAD;184675;Denmark;1152;AAR_BT_0181 4373 3987;186201;1681
Marselis Boulevard;Marselis Boulevard;3989;4367;36;Aarhus;Aarhus;56.14063267;10.19891856;56.14171142;36;8000;Denmark;15;COWI;8000;0;;207;MAJOR_ROAD;179038;Denmark;361;AAR_BT_0114 3989 4367;180145;1614
Marselis Boulevard;Marselis Boulevard;4367;3989;31;Aarhus;Aarhus;56.1418235;10.20437031;56.14079407;42;8000;Denmark;0;COWI;8000;50;;208;MAJOR_ROAD;179064;Denmark;361;AAR_BT_0115 4367 3989;180147;1615
Viby Ringvej;Viby Ringvej;2652;2651;62;Aarhus;Aarhus;56.14049609;10.15413296;56.13199024;56;8260;Denmark;104;COWI;8230;104;;229;MAJOR_ROAD;180709;Denmark;968;AAR_BT_0136 2652 2651;182206;1636
Viby Ringvej;Viby Ringvej;2651;2652;61;Aarhus;Aarhus;56.13203209;10.15765884;56.14051552;57;8230;Denmark;0;COWI;8260;104;;230;MAJOR_ROAD;180735;Denmark;966;AAR_BT_0137 2651 2652;182208;1637
Nordre Ringgade;Nordre Ringgade;3182;3183;36;Aarhus;Aarhus;56.17405423;10.21348447;56.17243586;32;8200;Denmark;98;COWI;8200;64B;;231;MAJOR_ROAD;180764;Denmark;321;AAR_BT_0138 3182 3183;182210;1638
Nordre Ringgade;Nordre Ringgade;3183;3182;34;Aarhus;Aarhus;56.17235121;10.20927577;56.17405423;34;8200;Denmark;64B;COWI;8200;98;;232;MAJOR_ROAD;180790;Denmark;324;AAR_BT_0139 3183 3182;182212;1639
Nordre Ringgade;Nordre Ringgade;3183;3191;83;Aarhus;Aarhus;56.17243586;10.20921913;56.17122708;22;8000;Denmark;64B;COWI;8200;3;;233;MAJOR_ROAD;180818;Denmark;508;AAR_BT_0140 3183 3191;182214;1640
Nordre Ringgade;Nordre Ringgade;3191;3183;66;Aarhus;Aarhus;56.17112255;10.20144743;56.17235121;28;8200;Denmark;64B;COWI;8000;64B;;234;MAJOR_ROAD;180844;Denmark;505;AAR_BT_0141 3191 3183;182216;1641
Søftenvej;15;4349;4326;47;Aarhus;Aarhus;56.20864631;10.16115725;56.21399075;93;8200;Denmark;0;COWI;8200;0;;174;MAJOR_ROAD;158744;Denmark;1220;AAR_BT_0015 4349 4326;160867;1581
Marselis Boulevard;Marselis Boulevard;3990;3988;41;Aarhus;Aarhus;56.13959744;10.18663264;56.13962771;51;8000;Denmark;135;COWI;8000;174;;209;MAJOR_ROAD;179093;Denmark;583;AAR_BT_0116 3990 3988;180149;1616
Haveforening Af 1918;Marselis Boulevard;3988;3990;46;Aarhus;Aarhus;56.13953207;10.17720341;56.13947789;46;8000;Denmark;4;COWI;8000;135;;210;MAJOR_ROAD;179119;Denmark;585;AAR_BT_0117 3988 3990;180151;1617
Vejlby Ringvej;Vejlby Ringvej;2660;2661;54;Aarhus;Risskov;56.18324423;10.20079064;56.1869623;56;8240;Denmark;20;COWI;8200;20;;212;MAJOR_ROAD;179174;Denmark;833;AAR_BT_0119 2660 2661;180155;1619
Hasle Ringvej;Vejlby Ringvej;2659;2660;50;Aarhus;Aarhus;56.18135326;10.19290601;56.18324423;38;8200;Denmark;138;COWI;8200;20;;214;MAJOR_ROAD;179228;Denmark;532;AAR_BT_0121 2659 2660;180159;1621
Hasle Ringvej;Hasle Ringvej;2659;2658;43;Aarhus;Aarhus;56.18146;10.19279201;56.1787106;50;8200;Denmark;0;COWI;8200;0;;215;MAJOR_ROAD;179256;Denmark;598;AAR_BT_0122 2659 2658;180161;1622
Hasle Ringvej;Hasle Ringvej;2658;2659;34;Aarhus;Aarhus;56.17862327;10.18461072;56.18135326;63;8200;Denmark;0;COWI;8200;138;;216;MAJOR_ROAD;179282;Denmark;597;AAR_BT_0123 2658 2659;180163;1623
Søndre Ringgade;Søndre Ringgade;3196;3197;37;Aarhus;Aarhus;56.14980757;10.18349976;56.14563851;49;8000;Denmark;0;COWI;8000;63;;245;MAJOR_ROAD;181142;Denmark;507;AAR_BT_0152 3196 3197;182238;1652
Nordjyske Motorvej;Søftenvej;4323;4364;125;Hinnerup;Aarhus;56.2348976;10.12501314;56.21497892;90;8200;Denmark;0;COWI;8382;0;;186;MAJOR_ROAD;172329;Denmark;3132;AAR_BT_0027 4323 4364;172457;1593
Århusvej;Østjyske Motorvej;4322;4321;53;Hinnerup;Hinnerup;56.22579478;10.11658967;56.21740644;81;8382;Denmark;0;COWI;8382;0;;187;MAJOR_ROAD;171572;Denmark;1193;AAR_BT_0028 4326 4322 4321;171762;1594
15;Østjyske Motorvej;4326;4321;122;Aarhus;Hinnerup;56.21399075;10.14507331;56.21740644;107;8382;Denmark;0;COWI;8200;0;;188;MAJOR_ROAD;171969;Denmark;3640;AAR_BT_0029 4326 NOT4322 4321;172116;1595
Søftenvej;15;4349;4326;119;Aarhus;Aarhus;56.20864631;10.16115725;56.21399075;59;8200;Denmark;0;COWI;8200;0;;189;STREET;172602;Denmark;1945;AAR_BT_0030 4349 4326 4321;172904;1596
Søftenvej;Århusvej;4364;4322;145;Aarhus;Hinnerup;56.21508593;10.13978019;56.22579478;51;8382;Denmark;0;COWI;8200;0;;190;ROAD;173011;Denmark;2061;AAR_BT_0031 4349 4364 4322 4321;173427;1597
Søftenvej;Søftenvej;4364;4349;60;Aarhus;Aarhus;56.21497892;10.1396957;56.20852027;90;8200;Denmark;0;COWI;8200;0;;191;ROAD;173118;Denmark;1507;AAR_BT_0032 4323 4364 4349;173587;1598
Nordjyske Motorvej;15;4323;4326;100;Hinnerup;Aarhus;56.2348976;10.12501314;56.21385651;117;8200;Denmark;0;COWI;8382;0;;192;STREET;173225;Denmark;3253;AAR_BT_0033 4323 4326 4349;173718;1599
Grenåvej;Grenåvej;4581;4582;60;Risskov;Risskov;56.19371107;10.21887825;56.18655112;48;8240;Denmark;0;COWI;8240;125;;193;MAJOR_ROAD;178548;Denmark;798;AAR_BT_0100 4581 4582;178662;1600
Århusvej;Østjyske Motorvej;4322;4321;39;Hinnerup;Hinnerup;56.22579478;10.11658967;56.21740644;110;8382;Denmark;0;COWI;8382;5;;161;MAJOR_ROAD;158355;Denmark;1195;AAR_BT_0002 4322 4321;159174;1568
Århusvej;Søftenvej;4320;4364;148;Hinnerup;Aarhus;56.23172069;10.10498608;56.21497892;70;8200;Denmark;72;COWI;8382;0;;162;MAJOR_ROAD;158386;Denmark;2895;AAR_BT_0003 4320 4364;159382;1569
Søftenvej;Århusvej;4364;4320;148;Aarhus;Hinnerup;56.21508593;10.13978019;56.2318176;70;8382;Denmark;0;COWI;8200;72;;163;MAJOR_ROAD;158415;Denmark;2880;AAR_BT_0004 4364 4320;159534;1570
Østjyske Motorvej;Nordjyske Motorvej;4321;4323;75;Tilst;Hinnerup;56.21731711;10.107112;56.23490211;113;8382;Denmark;0;COWI;8381;0;;164;MAJOR_ROAD;158446;Denmark;2345;AAR_BT_0005 4321 4323;159619;1571
Nordjyske Motorvej;Østjyske Motorvej;4323;4321;75;Hinnerup;Hinnerup;56.2348976;10.12501314;56.21740644;112;8382;Denmark;0;COWI;8382;0;;165;MAJOR_ROAD;158475;Denmark;2335;AAR_BT_0006 4323 4321;159703;1572
Søftenvej;Århusvej;4364;4322;106;Aarhus;Hinnerup;56.21508593;10.13978019;56.22579478;70;8382;Denmark;0;COWI;8200;0;;166;MAJOR_ROAD;158505;Denmark;2065;AAR_BT_0007 4364 4322;159780;1573
Skovvejen;Kystvejen;3186;3187;66;Aarhus;Aarhus;56.16631645;10.21812014;56.16159727;30;8000;Denmark;67;COWI;8000;59;;201;MAJOR_ROAD;178875;Denmark;558;AAR_BT_0108 3186 3187;180133;1608
Kystvejen;Skovvejen;3187;3186;59;Aarhus;Aarhus;56.16159727;10.2153897;56.1663172;34;8000;Denmark;59;COWI;8000;67;;202;MAJOR_ROAD;178901;Denmark;559;AAR_BT_0109 3187 3186;180135;1609
Nordjyske Motorvej;15;4323;4326;108;Hinnerup;Aarhus;56.2348976;10.12501314;56.21385651;109;8200;Denmark;0;COWI;8382;0;;167;MAJOR_ROAD;158536;Denmark;3255;AAR_BT_0008 4323 4326;159874;1574
15;Nordjyske Motorvej;4326;4323;101;Aarhus;Hinnerup;56.21399075;10.14507331;56.23490211;108;8382;Denmark;0;COWI;8200;0;;168;MAJOR_ROAD;158565;Denmark;3030;AAR_BT_0009 4326 4323;159952;1575
Østjyske Motorvej;15;4321;4326;93;Tilst;Aarhus;56.21731711;10.107112;56.21385651;110;8200;Denmark;0;COWI;8381;0;;169;MAJOR_ROAD;158595;Denmark;2850;AAR_BT_0010 4321 4326;160088;1576
15;Østjyske Motorvej;4326;4321;122;Aarhus;Hinnerup;56.21399075;10.14507331;56.21740644;108;8382;Denmark;0;COWI;8200;0;;170;MAJOR_ROAD;158624;Denmark;3655;AAR_BT_0011 4326 4321;160378;1577
15;Djurslandmotorvejen;4326;4327;219;Aarhus;Lystrup;56.21385651;10.14490701;56.22521121;110;8520;Denmark;0;COWI;8200;0;;171;MAJOR_ROAD;158655;Denmark;6715;AAR_BT_0012 4326 4327;160456;1578
Djurslandmotorvejen;15;4327;4326;219;Lystrup;Aarhus;56.22537225;10.24615447;56.21399075;110;8200;Denmark;0;COWI;8520;0;;172;MAJOR_ROAD;158684;Denmark;6695;AAR_BT_0013 4327 4326;160779;1579
15;Søftenvej;4326;4349;41;Aarhus;Aarhus;56.21385651;10.14490701;56.20852027;103;8200;Denmark;0;COWI;8200;0;;173;MAJOR_ROAD;158715;Denmark;1175;AAR_BT_0014 4326 4349;160818;1580
Viby Ringvej;Viby Ringvej;2652;2653;59;Aarhus;Aarhus;56.14051552;10.15433815;56.14824209;56;8230;Denmark;104;COWI;8230;104;;228;MAJOR_ROAD;180681;Denmark;920;AAR_BT_0135 2652 2653;182204;1635
Silkeborgvej;Silkeborgvej;3202;3976;55;Aarhus;Aarhus;56.15256095;10.12313905;56.1532811;50;8220;Denmark;607;COWI;8220;607;;262;MAJOR_ROAD;182901;Denmark;768;AAR_BT_0169 3202 3976;183593;1669
Silkeborgvej;Silkeborgvej;3202;3201;39;Aarhus;Aarhus;56.15256095;10.12313905;56.15275729;47;8220;Denmark;607;COWI;8220;562;;263;MAJOR_ROAD;182929;Denmark;512;AAR_BT_0170 3202 3201;183595;1670
Silkeborgvej;Silkeborgvej;3201;3202;38;Aarhus;Aarhus;56.15275729;10.13133184;56.15256095;48;8220;Denmark;562;COWI;8220;607;;264;MAJOR_ROAD;182955;Denmark;511;AAR_BT_0171 3201 3202;183597;1671
Silkeborgvej;Silkeborgvej;3201;3200;33;Aarhus;Aarhus;56.15275729;10.13133184;56.15313589;52;8220;Denmark;562;COWI;8220;521;;265;MAJOR_ROAD;182983;Denmark;481;AAR_BT_0172 3201 3200;183599;1672
Strandvejen;Strandvejen;4375;3190;82;Aarhus;Aarhus;56.13673886;10.20776318;56.14471913;40;8000;Denmark;21;COWI;8000;36;;514;MAJOR_ROAD;201291;Denmark;906;AAR_BT_0434 4375 3190;229493;1921
Strandvejen;Strandvejen;4375;4376;47;Aarhus;Aarhus;56.13673886;10.20776318;56.13236397;42;8000;Denmark;21;COWI;8000;122;;515;MAJOR_ROAD;201319;Denmark;547;AAR_BT_0435 4375 4376;229495;1922
Marselis Boulevard;Marselis Boulevard;3990;3979;78;Aarhus;Aarhus;56.13947789;10.18666483;56.14183597;35;8000;Denmark;135;COWI;8000;135;;578;MAJOR_ROAD;206210;Denmark;753;AAR_BT_0498 3990 3979;229621;1985
Oddervej;Rosenvangs Alle;4377;4368;51;Højbjerg;Højbjerg;56.11782897;10.20711302;56.1169222;33;8270;Denmark;51;COWI;8270;233;;579;MAJOR_ROAD;206237;Denmark;466;AAR_BT_0499 4377 4368;229623;1986
Rosenvangs Alle;Oddervej;4368;4377;54;Højbjerg;Højbjerg;56.1169222;10.20216432;56.11782897;31;8270;Denmark;233;COWI;8270;51;;580;MAJOR_ROAD;206263;Denmark;466;AAR_BT_0500 4368 4377;229625;1987
Rosenvangs Alle;Jyllands Alle;4556;4553;149;Aarhus;Aarhus;56.13417989;10.17948788;56.12437833;30;8260;Denmark;30;COWI;8260;158;;551;MAJOR_ROAD;203822;Denmark;1258;AAR_BT_0471 4556 4553;229567;1958
Jyllands Alle;Rosenvangs Alle;4548;4556;130;Højbjerg;Aarhus;56.12994;10.18732968;56.13417989;35;8260;Denmark;105;COWI;8270;30;;554;MAJOR_ROAD;203901;Denmark;1277;AAR_BT_0474 4548 4556;229573;1961
Jyllands Alle;Vestavej;4553;4568;70;Aarhus;Højbjerg;56.12437833;10.18005602;56.12391431;33;8270;Denmark;158;COWI;8260;2;;555;MAJOR_ROAD;203928;Denmark;641;AAR_BT_0475 4553 4568;229575;1962
Vestavej;Jyllands Alle;4568;4553;102;Højbjerg;Aarhus;56.12391431;10.18591478;56.12437833;27;8260;Denmark;2;COWI;8270;158;;556;MAJOR_ROAD;203954;Denmark;777;AAR_BT_0476 4568 4553;229577;1963
Vestavej;Viborgvej;4568;4548;90;Højbjerg;Tilst;56.12391431;10.18591478;56.12994;29;8381;Denmark;2;COWI;8270;143;;557;MAJOR_ROAD;203981;Denmark;732;AAR_BT_0477 4568 4548;229579;1964
Rosenvangs Alle;Oddervej;4368;4379;60;Højbjerg;Højbjerg;56.1169222;10.20216432;56.114487;33;8270;Denmark;233;COWI;8270;70-74;;581;MAJOR_ROAD;206290;Denmark;542;AAR_BT_0501 4368 4379;229627;1988
Oddervej;Rosenvangs Alle;4379;4368;61;Højbjerg;Højbjerg;56.114487;10.20785423;56.1169222;32;8270;Denmark;70-74;COWI;8270;233;;582;MAJOR_ROAD;206316;Denmark;542;AAR_BT_0502 4379 4368;229629;1989
Edwin Rahrs Vej;Holmstrupgårdvej;4325;4337;152;Aarhus;Aarhus;56.16459887;10.10998427;56.16945461;34;8220;Denmark;73-75;COWI;8220;28;;583;MAJOR_ROAD;206343;Denmark;1416;AAR_BT_0503 4325 4337;229631;1990
Holmstrupgårdvej;Edwin Rahrs Vej;4337;4325;118;Aarhus;Aarhus;56.16945461;10.11966876;56.16459887;43;8220;Denmark;28;COWI;8220;73-75;;584;MAJOR_ROAD;206369;Denmark;1405;AAR_BT_0504 4337 4325;229633;1991
Djurslandmotorvejen;Mejlbyvej;4327;4352;155;Lystrup;Ega;56.22521121;10.24629931;56.22020076;65;8250;Denmark;58;COWI;8520;58;;598;MAJOR_ROAD;209933;Denmark;2782;AAR_BT_0518 4327 4352;229661;2005
Mejlbyvej;Djurslandmotorvejen;4355;4327;116;Hjortshøj;Lystrup;56.24203279;10.26136529;56.22537225;78;8520;Denmark;285;COWI;8530;285;;599;MAJOR_ROAD;209960;Denmark;2504;AAR_BT_0519 4355 4327;229663;2006
Djurslandmotorvejen;Mejlbyvej;4327;4355;153;Lystrup;Hjortshøj;56.22521121;10.24629931;56.24205366;62;8530;Denmark;0;COWI;8520;285;;600;MAJOR_ROAD;209986;Denmark;2623;AAR_BT_0520 4327 4355;229665;2007
Vejlby Centervej;Søftenvej;4564;4350;240;Risskov;Aarhus;56.19687844;10.21625178;56.20417258;44;8200;Denmark;7;COWI;8240;7;;601;MAJOR_ROAD;210013;Denmark;2936;AAR_BT_0521 4564 4350;229667;2008
Randersvej;Vejlby Centervej;4362;4564;267;Aarhus;Risskov;56.19922308;10.18244475;56.19677547;33;8240;Denmark;7;COWI;8200;7;;602;MAJOR_ROAD;210040;Denmark;2433;AAR_BT_0524 4362 4564;229669;2009
Viengevej;Grenåvej;4354;4565;88;Risskov;Risskov;56.20913963;10.24664253;56.2026462;45;8240;Denmark;0;COWI;8240;337;;607;MAJOR_ROAD;210173;Denmark;1106;AAR_BT_0529 4354 4565;229679;2014
